Faction,VoiceId,EventId,Variant,FrequencyTier,Priority,CooldownSeconds,ConcurrencyGroup,InterruptPolicy,ContextDescription,TextRu,SpokenTextRu,Emotion,Pace,Intensity,ControlInstruction,CanonicalSource,CanonicalPreserved,Status,Notes
SU,EVA_SU_KONTUR,UNIT_READY_GENERIC,01,Frequent,3,2.0,CG_Production,Queue,Универсальное завершение постройки юнита,Боевая единица готова к отправке.,Боевая единица готова к отправке.,Authoritative,Commanding,Medium,"Authoritative mature female military command voice, low contralto, precise Russian diction, restrained emotion, firm concise delivery, calm under pressure.",RA4_Bible_v2,true,Approved,Faction=SU;Event=UNIT_READY_GENERIC;Variant=01
SU,EVA_SU_KONTUR,UNIT_READY_GENERIC,02,Frequent,3,2.0,CG_Production,Queue,Универсальное завершение постройки юнита,Новая единица в строю.,Новая единица в строю.,Authoritative,Commanding,Medium,"Authoritative mature female military command voice, low contralto, precise Russian diction, restrained emotion, firm concise delivery, calm under pressure.",RA4_Design_v2,false,Approved,Faction=SU;Event=UNIT_READY_GENERIC;Variant=02
SU,EVA_SU_KONTUR,UNIT_READY_GENERIC,03,Frequent,3,2.0,CG_Production,Queue,Универсальное завершение постройки юнита,Пополнение прибыло на позицию.,Пополнение прибыло на позицию.,Firm,Commanding,Medium,"Authoritative mature female military command voice, low contralto, precise Russian diction, restrained emotion, firm concise delivery, calm under pressure.",RA4_Design_v2,false,Approved,Faction=SU;Event=UNIT_READY_GENERIC;Variant=03
SU,EVA_SU_KONTUR,UNIT_READY_GENERIC,04,Frequent,3,2.0,CG_Production,Queue,Универсальное завершение постройки юнита,Подразделение сформировано.,Подразделение сформировано.,Firm,Commanding,Medium,"Authoritative mature female military command voice, low contralto, precise Russian diction, restrained emotion, firm concise delivery, calm under pressure.",RA4_Design_v2,false,Approved,Faction=SU;Event=UNIT_READY_GENERIC;Variant=04
SU,EVA_SU_KONTUR,INFANTRY_READY,01,Frequent,3,2.0,CG_Production,Queue,Пехотное отделение сформировано,Пехотное отделение подготовлено к бою.,Пехотное отделение подготовлено к бою.,Firm,Commanding,Medium,"Authoritative mature female military command voice, low contralto, precise Russian diction, restrained emotion, firm concise delivery, calm under pressure.",RA4_Design_v2,false,Approved,Faction=SU;Event=INFANTRY_READY;Variant=01
SU,EVA_SU_KONTUR,INFANTRY_READY,02,Frequent,3,2.0,CG_Production,Queue,Пехотное отделение сформировано,Мотострелки экипированы.,Мотострелки экипированы.,Firm,Commanding,Medium,"Authoritative mature female military command voice, low contralto, precise Russian diction, restrained emotion, firm concise delivery, calm under pressure.",RA4_Design_v2,false,Approved,Faction=SU;Event=INFANTRY_READY;Variant=02
SU,EVA_SU_KONTUR,INFANTRY_READY,03,Frequent,3,2.0,CG_Production,Queue,Пехотное отделение сформировано,Штурмовая группа собрана.,Штурмовая группа собрана.,Authoritative,Commanding,Medium,"Authoritative mature female military command voice, low contralto, precise Russian diction, restrained emotion, firm concise delivery, calm under pressure.",RA4_Design_v2,false,Approved,Faction=SU;Event=INFANTRY_READY;Variant=03
SU,EVA_SU_KONTUR,INFANTRY_READY,04,Frequent,3,2.0,CG_Production,Queue,Пехотное отделение сформировано,Личный состав готов к маршу.,Личный состав готов к маршу.,Firm,Commanding,Medium,"Authoritative mature female military command voice, low contralto, precise Russian diction, restrained emotion, firm concise delivery, calm under pressure.",RA4_Design_v2,false,Approved,Faction=SU;Event=INFANTRY_READY;Variant=04
SU,EVA_SU_KONTUR,VEHICLE_READY,01,Frequent,3,2.0,CG_Production,Queue,Бронетехника вышла из цеха,Бронетехника вышла с заводского конвейера.,Бронетехника вышла с заводского конвейера.,Firm,Commanding,Medium,"Authoritative mature female military command voice, low contralto, precise Russian diction, restrained emotion, firm concise delivery, calm under pressure.",RA4_Design_v2,false,Approved,Faction=SU;Event=VEHICLE_READY;Variant=01
SU,EVA_SU_KONTUR,VEHICLE_READY,02,Frequent,3,2.0,CG_Production,Queue,Бронетехника вышла из цеха,Тяжёлая машина принята экипажем.,Тяжёлая машина принята экипажем.,Authoritative,Commanding,Medium,"Authoritative mature female military command voice, low contralto, precise Russian diction, restrained emotion, firm concise delivery, calm under pressure.",RA4_Design_v2,false,Approved,Faction=SU;Event=VEHICLE_READY;Variant=02
SU,EVA_SU_KONTUR,VEHICLE_READY,03,Frequent,3,2.0,CG_Production,Queue,Бронетехника вышла из цеха,Танковый экипаж готов к выполнению задачи.,Танковый экипаж готов к выполнению задачи.,Firm,Commanding,Medium,"Authoritative mature female military command voice, low contralto, precise Russian diction, restrained emotion, firm concise delivery, calm under pressure.",RA4_Design_v2,false,Approved,Faction=SU;Event=VEHICLE_READY;Variant=03
SU,EVA_SU_KONTUR,VEHICLE_READY,04,Frequent,3,2.0,CG_Production,Queue,Бронетехника вышла из цеха,Осадочный комплекс передан войскам.,Осадочный комплекс передан войскам.,Firm,Commanding,Medium,"Authoritative mature female military command voice, low contralto, precise Russian diction, restrained emotion, firm concise delivery, calm under pressure.",RA4_Design_v2,false,Approved,Faction=SU;Event=VEHICLE_READY;Variant=04
SU,EVA_SU_KONTUR,AIRCRAFT_READY,01,Frequent,3,2.0,CG_Production,Queue,Воздушное судно заправлено и готово,Авиация заправлена и заступила на дежурство.,Авиация заправлена и заступила на дежурство.,Firm,Commanding,Medium,"Authoritative mature female military command voice, low contralto, precise Russian diction, restrained emotion, firm concise delivery, calm under pressure.",RA4_Design_v2,false,Approved,Faction=SU;Event=AIRCRAFT_READY;Variant=01
SU,EVA_SU_KONTUR,AIRCRAFT_READY,02,Frequent,3,2.0,CG_Production,Queue,Воздушное судно заправлено и готово,Воздушная единица поднята по тревоге.,Воздушная единица поднята по тревоге.,Authoritative,Commanding,Medium,"Authoritative mature female military command voice, low contralto, precise Russian diction, restrained emotion, firm concise delivery, calm under pressure.",RA4_Design_v2,false,Approved,Faction=SU;Event=AIRCRAFT_READY;Variant=02
SU,EVA_SU_KONTUR,AIRCRAFT_READY,03,Frequent,3,2.0,CG_Production,Queue,Воздушное судно заправлено и готово,Штурмовик готов к вылету.,Штурмовик готов к вылету.,Firm,Commanding,Medium,"Authoritative mature female military command voice, low contralto, precise Russian diction, restrained emotion, firm concise delivery, calm under pressure.",RA4_Design_v2,false,Approved,Faction=SU;Event=AIRCRAFT_READY;Variant=03
SU,EVA_SU_KONTUR,AIRCRAFT_READY,04,Frequent,3,2.0,CG_Production,Queue,Воздушное судно заправлено и готово,Дирижабль прошёл технический осмотр.,Дирижабль прошёл технический осмотр.,Firm,Commanding,Medium,"Authoritative mature female military command voice, low contralto, precise Russian diction, restrained emotion, firm concise delivery, calm under pressure.",RA4_Design_v2,false,Approved,Faction=SU;Event=AIRCRAFT_READY;Variant=04
SU,EVA_SU_KONTUR,NAVAL_UNIT_READY,01,Frequent,3,2.0,CG_Production,Queue,Корабль сошёл со слипа,Боевой корабль сошёл со слипа дока.,Боевой корабль сошёл со слипа дока.,Firm,Commanding,Medium,"Authoritative mature female military command voice, low contralto, precise Russian diction, restrained emotion, firm concise delivery, calm under pressure.",RA4_Design_v2,false,Approved,Faction=SU;Event=NAVAL_UNIT_READY;Variant=01
SU,EVA_SU_KONTUR,NAVAL_UNIT_READY,02,Frequent,3,2.0,CG_Production,Queue,Корабль сошёл со слипа,Подводная лодка вышла на боевой курс.,Подводная лодка вышла на боевой курс.,Authoritative,Commanding,Medium,"Authoritative mature female military command voice, low contralto, precise Russian diction, restrained emotion, firm concise delivery, calm under pressure.",RA4_Design_v2,false,Approved,Faction=SU;Event=NAVAL_UNIT_READY;Variant=02
SU,EVA_SU_KONTUR,NAVAL_UNIT_READY,03,Frequent,3,2.0,CG_Production,Queue,Корабль сошёл со слипа,Морская единица вошла в состав флота.,Морская единица вошла в состав флота.,Firm,Commanding,Medium,"Authoritative mature female military command voice, low contralto, precise Russian diction, restrained emotion, firm concise delivery, calm under pressure.",RA4_Design_v2,false,Approved,Faction=SU;Event=NAVAL_UNIT_READY;Variant=03
SU,EVA_SU_KONTUR,NAVAL_UNIT_READY,04,Frequent,3,2.0,CG_Production,Queue,Корабль сошёл со слипа,Ракетный крейсер готов к стрельбе.,Ракетный крейсер готов к стрельбе.,Firm,Commanding,Medium,"Authoritative mature female military command voice, low contralto, precise Russian diction, restrained emotion, firm concise delivery, calm under pressure.",RA4_Design_v2,false,Approved,Faction=SU;Event=NAVAL_UNIT_READY;Variant=04
SU,EVA_SU_KONTUR,CONSTRUCTION_COMPLETE,01,Frequent,3,2.0,CG_Production,Queue,Объект возведён,Строительство объекта завершено.,Строительство объекта завершено.,Authoritative,Commanding,Medium,"Authoritative mature female military command voice, low contralto, precise Russian diction, restrained emotion, firm concise delivery, calm under pressure.",RA4_Design_v2,false,Approved,Faction=SU;Event=CONSTRUCTION_COMPLETE;Variant=01
SU,EVA_SU_KONTUR,CONSTRUCTION_COMPLETE,02,Frequent,3,2.0,CG_Production,Queue,Объект возведён,Сооружение введено в эксплуатацию.,Сооружение введено в эксплуатацию.,Firm,Commanding,Medium,"Authoritative mature female military command voice, low contralto, precise Russian diction, restrained emotion, firm concise delivery, calm under pressure.",RA4_Design_v2,false,Approved,Faction=SU;Event=CONSTRUCTION_COMPLETE;Variant=02
SU,EVA_SU_KONTUR,CONSTRUCTION_COMPLETE,03,Frequent,3,2.0,CG_Production,Queue,Объект возведён,Производственная мощность подключена к сети.,Производственная мощность подключена к сети.,Firm,Commanding,Medium,"Authoritative mature female military command voice, low contralto, precise Russian diction, restrained emotion, firm concise delivery, calm under pressure.",RA4_Design_v2,false,Approved,Faction=SU;Event=CONSTRUCTION_COMPLETE;Variant=03
SU,EVA_SU_KONTUR,CONSTRUCTION_COMPLETE,04,Frequent,3,2.0,CG_Production,Queue,Объект возведён,Объект базы готов к работе.,Объект базы готов к работе.,Firm,Commanding,Medium,"Authoritative mature female military command voice, low contralto, precise Russian diction, restrained emotion, firm concise delivery, calm under pressure.",RA4_Design_v2,false,Approved,Faction=SU;Event=CONSTRUCTION_COMPLETE;Variant=04
SU,EVA_SU_KONTUR,INSUFFICIENT_FUNDS,01,Frequent,3,10.0,CG_Economy,DropIfBusy,Нехватка руды / средств,Недостаточно ресурсов. Казна пуста.,Недостаточно ресурсов. Казна пуста.,Restrained,Commanding,Medium,"Authoritative mature female military command voice, low contralto, precise Russian diction, restrained emotion, firm concise delivery, calm under pressure.",RA4_Design_v2,false,Approved,Faction=SU;Event=INSUFFICIENT_FUNDS;Variant=01
SU,EVA_SU_KONTUR,INSUFFICIENT_FUNDS,02,Frequent,3,10.0,CG_Economy,DropIfBusy,Нехватка руды / средств,Требуются дополнительные средства.,Требуются дополнительные средства.,Restrained,Commanding,Medium,"Authoritative mature female military command voice, low contralto, precise Russian diction, restrained emotion, firm concise delivery, calm under pressure.",RA4_Design_v2,false,Approved,Faction=SU;Event=INSUFFICIENT_FUNDS;Variant=02
SU,EVA_SU_KONTUR,INSUFFICIENT_FUNDS,03,Frequent,3,10.0,CG_Economy,DropIfBusy,Нехватка руды / средств,Фонды истощены. Доставьте руду.,Фонды истощены. Доставьте руду.,Firm,Commanding,Medium,"Authoritative mature female military command voice, low contralto, precise Russian diction, restrained emotion, firm concise delivery, calm under pressure.",RA4_Design_v2,false,Approved,Faction=SU;Event=INSUFFICIENT_FUNDS;Variant=03
SU,EVA_SU_KONTUR,INSUFFICIENT_FUNDS,04,Frequent,3,10.0,CG_Economy,DropIfBusy,Нехватка руды / средств,Нехватка бюджетирования. Операция отложена.,Нехватка бюджетирования. Операция отложена.,Restrained,Commanding,Medium,"Authoritative mature female military command voice, low contralto, precise Russian diction, restrained emotion, firm concise delivery, calm under pressure.",RA4_Design_v2,false,Approved,Faction=SU;Event=INSUFFICIENT_FUNDS;Variant=04
SU,EVA_SU_KONTUR,BASE_UNDER_ATTACK,01,Frequent,2,5.0,CG_CombatAlert,InterruptImmediate,Атака на строения базы,Враг атакует наши производственные мощности.,Враг атакует наши производственные мощности.,Urgent,Fast,High,"Authoritative mature female military command voice, low contralto, precise Russian diction, restrained emotion, firm concise delivery, calm under pressure.",RA4_Bible_v2,true,Approved,Faction=SU;Event=BASE_UNDER_ATTACK;Variant=01
SU,EVA_SU_KONTUR,BASE_UNDER_ATTACK,02,Frequent,2,5.0,CG_CombatAlert,InterruptImmediate,Атака на строения базы,Внимание! Промышленный сектор под огнём!,Внимание! Промышленный сектор под огнём!,Urgent,Fast,High,"Authoritative mature female military command voice, low contralto, precise Russian diction, restrained emotion, firm concise delivery, calm under pressure.",RA4_Design_v2,false,Approved,Faction=SU;Event=BASE_UNDER_ATTACK;Variant=02
SU,EVA_SU_KONTUR,BASE_UNDER_ATTACK,03,Frequent,2,5.0,CG_CombatAlert,InterruptImmediate,Атака на строения базы,Нарушен периметр базы. Организовать оборону!,Нарушен периметр базы. Организовать оборону!,Urgent,Fast,High,"Authoritative mature female military command voice, low contralto, precise Russian diction, restrained emotion, firm concise delivery, calm under pressure.",RA4_Design_v2,false,Approved,Faction=SU;Event=BASE_UNDER_ATTACK;Variant=03
SU,EVA_SU_KONTUR,BASE_UNDER_ATTACK,04,Frequent,2,5.0,CG_CombatAlert,InterruptImmediate,Атака на строения базы,Вражеский удар по главным объектам!,Вражеский удар по главным объектам!,Urgent,Fast,High,"Authoritative mature female military command voice, low contralto, precise Russian diction, restrained emotion, firm concise delivery, calm under pressure.",RA4_Design_v2,false,Approved,Faction=SU;Event=BASE_UNDER_ATTACK;Variant=04
SU,EVA_SU_KONTUR,HARVESTER_UNDER_ATTACK,01,Frequent,2,8.0,CG_CombatAlert,InterruptImmediate,Атака на рудную машину ГРМ-8 «Богатырь»,Горнорудная машина «Богатырь» под огнём!,Горнорудная машина Богатырь под огнём!,Urgent,Fast,High,"Authoritative mature female military command voice, low contralto, precise Russian diction, restrained emotion, firm concise delivery, calm under pressure.",RA4_Design_v2,false,Approved,Faction=SU;Event=HARVESTER_UNDER_ATTACK;Variant=01
SU,EVA_SU_KONTUR,HARVESTER_UNDER_ATTACK,02,Frequent,2,8.0,CG_CombatAlert,InterruptImmediate,Атака на рудную машину ГРМ-8 «Богатырь»,Наш добытчик атакован противником!,Наш добытчик атакован противником!,Urgent,Fast,High,"Authoritative mature female military command voice, low contralto, precise Russian diction, restrained emotion, firm concise delivery, calm under pressure.",RA4_Design_v2,false,Approved,Faction=SU;Event=HARVESTER_UNDER_ATTACK;Variant=02
SU,EVA_SU_KONTUR,HARVESTER_UNDER_ATTACK,03,Frequent,2,8.0,CG_CombatAlert,InterruptImmediate,Атака на рудную машину ГРМ-8 «Богатырь»,Угроза уничтожения рудного комбайна!,Угроза уничтожения рудного комбайна!,Urgent,Fast,High,"Authoritative mature female military command voice, low contralto, precise Russian diction, restrained emotion, firm concise delivery, calm under pressure.",RA4_Design_v2,false,Approved,Faction=SU;Event=HARVESTER_UNDER_ATTACK;Variant=03
SU,EVA_SU_KONTUR,HARVESTER_UNDER_ATTACK,04,Frequent,2,8.0,CG_CombatAlert,InterruptImmediate,Атака на рудную машину ГРМ-8 «Богатырь»,Защитите горнорудную технику!,Защитите горнорудную технику!,Urgent,Fast,High,"Authoritative mature female military command voice, low contralto, precise Russian diction, restrained emotion, firm concise delivery, calm under pressure.",RA4_Design_v2,false,Approved,Faction=SU;Event=HARVESTER_UNDER_ATTACK;Variant=04
SU,EVA_SU_KONTUR,POWER_LOW,01,Frequent,2,10.0,CG_Economy,InterruptImmediate,Дефицит электроэнергии,Энергосистема перегружена. Производство замедляется.,Энергосистема перегружена. Производство замедляется.,Alarmed,Commanding,High,"Authoritative mature female military command voice, low contralto, precise Russian diction, restrained emotion, firm concise delivery, calm under pressure.",RA4_Bible_v2,true,Approved,Faction=SU;Event=POWER_LOW;Variant=01
SU,EVA_SU_KONTUR,POWER_LOW,02,Frequent,2,10.0,CG_Economy,InterruptImmediate,Дефицит электроэнергии,Критический дефицит энергии. Постройте теплоэлектростанцию.,Критический дефицит энергии. Постройте теплоэлектростанцию.,Alarmed,Commanding,High,"Authoritative mature female military command voice, low contralto, precise Russian diction, restrained emotion, firm concise delivery, calm under pressure.",RA4_Design_v2,false,Approved,Faction=SU;Event=POWER_LOW;Variant=02
SU,EVA_SU_KONTUR,POWER_LOW,03,Frequent,2,10.0,CG_Economy,InterruptImmediate,Дефицит электроэнергии,Энергосеть обесточена. Оборонительные системы отключены.,Энергосеть обесточена. Оборонительные системы отключены.,Alarmed,Commanding,High,"Authoritative mature female military command voice, low contralto, precise Russian diction, restrained emotion, firm concise delivery, calm under pressure.",RA4_Design_v2,false,Approved,Faction=SU;Event=POWER_LOW;Variant=03
SU,EVA_SU_KONTUR,POWER_LOW,04,Frequent,2,10.0,CG_Economy,InterruptImmediate,Дефицит электроэнергии,Нехватка питания. Заводы снижают мощность.,Нехватка питания. Заводы снижают мощность.,Alarmed,Commanding,High,"Authoritative mature female military command voice, low contralto, precise Russian diction, restrained emotion, firm concise delivery, calm under pressure.",RA4_Design_v2,false,Approved,Faction=SU;Event=POWER_LOW;Variant=04
SU,EVA_SU_KONTUR,COMMAND_CAP_REACHED,01,Frequent,3,10.0,CG_Economy,DropIfBusy,Превышен командный лимит,Достигнут предел командного лимита. Требуются казармы или штаб.,Достигнут предел командного лимита. Требуются казармы или штаб.,Restrained,Commanding,Medium,"Authoritative mature female military command voice, low contralto, precise Russian diction, restrained emotion, firm concise delivery, calm under pressure.",RA4_Design_v2,false,Approved,Faction=SU;Event=COMMAND_CAP_REACHED;Variant=01
SU,EVA_SU_KONTUR,COMMAND_CAP_REACHED,02,Frequent,3,10.0,CG_Economy,DropIfBusy,Превышен командный лимит,Армейский лимит исчерпан. Расширьте инфраструктуру.,Армейский лимит исчерпан. Расширьте инфраструктуру.,Restrained,Commanding,Medium,"Authoritative mature female military command voice, low contralto, precise Russian diction, restrained emotion, firm concise delivery, calm under pressure.",RA4_Design_v2,false,Approved,Faction=SU;Event=COMMAND_CAP_REACHED;Variant=02
SU,EVA_SU_KONTUR,COMMAND_CAP_REACHED,03,Frequent,3,10.0,CG_Economy,DropIfBusy,Превышен командный лимит,Сеть не может принять новые отряды.,Сеть не может принять новые отряды.,Firm,Commanding,Medium,"Authoritative mature female military command voice, low contralto, precise Russian diction, restrained emotion, firm concise delivery, calm under pressure.",RA4_Design_v2,false,Approved,Faction=SU;Event=COMMAND_CAP_REACHED;Variant=03
SU,EVA_SU_KONTUR,COMMAND_CAP_REACHED,04,Frequent,3,10.0,CG_Economy,DropIfBusy,Превышен командный лимит,Максимум лимита войск. Постройте казарму мобилизации.,Максимум лимита войск. Постройте казарму мобилизации.,Restrained,Commanding,Medium,"Authoritative mature female military command voice, low contralto, precise Russian diction, restrained emotion, firm concise delivery, calm under pressure.",RA4_Design_v2,false,Approved,Faction=SU;Event=COMMAND_CAP_REACHED;Variant=04
SU,EVA_SU_KONTUR,STEALTH_UNIT_DETECTED,01,Frequent,2,6.0,CG_Intel,InterruptImmediate,Зафиксирован замаскированный враг,Радар засек маскирующегося противника!,Радар засек маскирующегося противника!,Urgent,Fast,High,"Authoritative mature female military command voice, low contralto, precise Russian diction, restrained emotion, firm concise delivery, calm under pressure.",RA4_Design_v2,false,Approved,Faction=SU;Event=STEALTH_UNIT_DETECTED;Variant=01
SU,EVA_SU_KONTUR,STEALTH_UNIT_DETECTED,02,Frequent,2,6.0,CG_Intel,InterruptImmediate,Зафиксирован замаскированный враг,Обнаружена стелс-единица врага!,Обнаружена стелс-единица врага!,Urgent,Fast,High,"Authoritative mature female military command voice, low contralto, precise Russian diction, restrained emotion, firm concise delivery, calm under pressure.",RA4_Design_v2,false,Approved,Faction=SU;Event=STEALTH_UNIT_DETECTED;Variant=02
SU,EVA_SU_KONTUR,STEALTH_UNIT_DETECTED,03,Frequent,2,6.0,CG_Intel,InterruptImmediate,Зафиксирован замаскированный враг,Контакт с замаскированной целью.,Контакт с замаскированной целью.,Authoritative,Fast,High,"Authoritative mature female military command voice, low contralto, precise Russian diction, restrained emotion, firm concise delivery, calm under pressure.",RA4_Design_v2,false,Approved,Faction=SU;Event=STEALTH_UNIT_DETECTED;Variant=03
SU,EVA_SU_KONTUR,STEALTH_UNIT_DETECTED,04,Frequent,2,6.0,CG_Intel,InterruptImmediate,Зафиксирован замаскированный враг,Вражеский диверсант обнаружен на радаре.,Вражеский диверсант обнаружен на радаре.,Urgent,Fast,High,"Authoritative mature female military command voice, low contralto, precise Russian diction, restrained emotion, firm concise delivery, calm under pressure.",RA4_Design_v2,false,Approved,Faction=SU;Event=STEALTH_UNIT_DETECTED;Variant=04
SU,EVA_SU_KONTUR,MATCH_START,01,Rare,1,0.0,CG_MatchFlow,NeverInterrupt,Начало операции,Командование развёрнуто. Промышленность ждёт приказа.,Командование развёрнуто. Промышленность ждёт приказа.,Authoritative,Commanding,Critical,"Authoritative mature female military command voice, low contralto, precise Russian diction, restrained emotion, firm concise delivery, calm under pressure.",RA4_Bible_v2,true,Approved,Faction=SU;Event=MATCH_START;Variant=01
SU,EVA_SU_KONTUR,MATCH_START,02,Rare,1,0.0,CG_MatchFlow,NeverInterrupt,Начало операции,Красный штаб подключен. Приступить к выполнению директивы.,Красный штаб подключен. Приступить к выполнению директивы.,Authoritative,Commanding,Critical,"Authoritative mature female military command voice, low contralto, precise Russian diction, restrained emotion, firm concise delivery, calm under pressure.",RA4_Design_v2,false,Approved,Faction=SU;Event=MATCH_START;Variant=02
SU,EVA_SU_KONTUR,MATCH_VICTORY,01,Rare,1,0.0,CG_MatchFlow,NeverInterrupt,Победа,Сопротивление подавлено. Территория переходит под наш контроль.,Сопротивление подавлено. Территория переходит под наш контроль.,Authoritative,Commanding,Critical,"Authoritative mature female military command voice, low contralto, precise Russian diction, restrained emotion, firm concise delivery, calm under pressure.",RA4_Bible_v2,true,Approved,Faction=SU;Event=MATCH_VICTORY;Variant=01
SU,EVA_SU_KONTUR,MATCH_VICTORY,02,Rare,1,0.0,CG_MatchFlow,NeverInterrupt,Победа,Враг разгромлен. Полная победа Советского Союза!,Враг разгромлен. Полная победа Советского Союза!,Authoritative,Commanding,Critical,"Authoritative mature female military command voice, low contralto, precise Russian diction, restrained emotion, firm concise delivery, calm under pressure.",RA4_Design_v2,false,Approved,Faction=SU;Event=MATCH_VICTORY;Variant=02
SU,EVA_SU_KONTUR,MATCH_DEFEAT,01,Rare,1,0.0,CG_MatchFlow,NeverInterrupt,Поражение,Командная сеть потеряна. Организованное сопротивление прекращено.,Командная сеть потеряна. Организованное сопротивление прекращено.,Restrained,Measured,Critical,"Authoritative mature female military command voice, low contralto, precise Russian diction, restrained emotion, firm concise delivery, calm under pressure.",RA4_Bible_v2,true,Approved,Faction=SU;Event=MATCH_DEFEAT;Variant=01
SU,EVA_SU_KONTUR,MATCH_DEFEAT,02,Rare,1,0.0,CG_MatchFlow,NeverInterrupt,Поражение,Связь со штабом прервана. База уничтожена.,Связь со штабом прервана. База уничтожена.,Restrained,Measured,Critical,"Authoritative mature female military command voice, low contralto, precise Russian diction, restrained emotion, firm concise delivery, calm under pressure.",RA4_Design_v2,false,Approved,Faction=SU;Event=MATCH_DEFEAT;Variant=02
SU,EVA_SU_KONTUR,COMMAND_CENTER_DESTROYED,01,Rare,1,0.0,CG_MatchFlow,InterruptImmediate,Уничтожение Красного штаба,Красный штаб уничтожен! Связь нарушена!,Красный штаб уничтожен! Связь нарушена!,Urgent,Fast,Critical,"Authoritative mature female military command voice, low contralto, precise Russian diction, restrained emotion, firm concise delivery, calm under pressure.",RA4_Design_v2,false,Approved,Faction=SU;Event=COMMAND_CENTER_DESTROYED;Variant=01
SU,EVA_SU_KONTUR,COMMAND_CENTER_DESTROYED,02,Rare,1,0.0,CG_MatchFlow,InterruptImmediate,Уничтожение Красного штаба,Главный командный узел разрушен противником!,Главный командный узел разрушен противником!,Urgent,Fast,Critical,"Authoritative mature female military command voice, low contralto, precise Russian diction, restrained emotion, firm concise delivery, calm under pressure.",RA4_Design_v2,false,Approved,Faction=SU;Event=COMMAND_CENTER_DESTROYED;Variant=02
SU,EVA_SU_KONTUR,MOBILE_COMMAND_UNIT_DESTROYED,01,Rare,1,0.0,CG_MatchFlow,InterruptImmediate,Потеря МКМ,Мобильный командный модуль уничтожен!,Мобильный командный модуль уничтожен!,Urgent,Fast,Critical,"Authoritative mature female military command voice, low contralto, precise Russian diction, restrained emotion, firm concise delivery, calm under pressure.",RA4_Design_v2,false,Approved,Faction=SU;Event=MOBILE_COMMAND_UNIT_DESTROYED;Variant=01
SU,EVA_SU_KONTUR,MOBILE_COMMAND_UNIT_DESTROYED,02,Rare,1,0.0,CG_MatchFlow,InterruptImmediate,Потеря МКМ,Потерян МКМ. Расширение базы невозможно.,Потерян мобильный командный модуль. Расширение базы невозможно.,Urgent,Fast,Critical,"Authoritative mature female military command voice, low contralto, precise Russian diction, restrained emotion, firm concise delivery, calm under pressure.",RA4_Design_v2,false,Approved,Faction=SU;Event=MOBILE_COMMAND_UNIT_DESTROYED;Variant=02
SU,EVA_SU_KONTUR,HERO_LOST,01,Rare,1,0.0,CG_MatchFlow,InterruptImmediate,Гибель Героя Майора Елены Морозовой,Майор Морозова пала в бою! Отомстить за героя!,Майор Морозова пала в бою! Отомстить за героя!,Urgent,Fast,Critical,"Authoritative mature female military command voice, low contralto, precise Russian diction, restrained emotion, firm concise delivery, calm under pressure.",RA4_Design_v2,false,Approved,Faction=SU;Event=HERO_LOST;Variant=01
SU,EVA_SU_KONTUR,HERO_LOST,02,Rare,1,0.0,CG_MatchFlow,InterruptImmediate,Гибель Героя Майора Елены Морозовой,Связь с майором Морозовой прервана. Герой погиб.,Связь с майором Морозовой прервана. Герой погиб.,Restrained,Measured,Critical,"Authoritative mature female military command voice, low contralto, precise Russian diction, restrained emotion, firm concise delivery, calm under pressure.",RA4_Design_v2,false,Approved,Faction=SU;Event=HERO_LOST;Variant=02
SU,EVA_SU_KONTUR,OWN_SUPERWEAPON_FIRED,01,Rare,1,0.0,CG_Superweapon,InterruptImmediate,Пуск ракеты «Каратель»,Ракетный комплекс «Каратель» произвёл запуск!,Ракетный комплекс Каратель произвёл запуск!,Authoritative,Commanding,Critical,"Authoritative mature female military command voice, low contralto, precise Russian diction, restrained emotion, firm concise delivery, calm under pressure.",RA4_Design_v2,false,Approved,Faction=SU;Event=OWN_SUPERWEAPON_FIRED;Variant=01
SU,EVA_SU_KONTUR,OWN_SUPERWEAPON_FIRED,02,Rare,1,0.0,CG_Superweapon,InterruptImmediate,Пуск ракеты «Каратель»,Стратегический ракетный удар нанесён по цели!,Стратегический ракетный удар нанесён по цели!,Authoritative,Commanding,Critical,"Authoritative mature female military command voice, low contralto, precise Russian diction, restrained emotion, firm concise delivery, calm under pressure.",RA4_Design_v2,false,Approved,Faction=SU;Event=OWN_SUPERWEAPON_FIRED;Variant=02
SU,EVA_SU_KONTUR,ENEMY_SUPERWEAPON_FIRED,01,Rare,1,0.0,CG_Superweapon,InterruptImmediate,Пуск супероружия врага,Зафиксирована подготовка стратегического удара.,Зафиксирована подготовка стратегического удара.,Urgent,Fast,Critical,"Authoritative mature female military command voice, low contralto, precise Russian diction, restrained emotion, firm concise delivery, calm under pressure.",RA4_Bible_v2,true,Approved,Faction=SU;Event=ENEMY_SUPERWEAPON_FIRED;Variant=01
SU,EVA_SU_KONTUR,ENEMY_SUPERWEAPON_FIRED,02,Rare,1,0.0,CG_Superweapon,InterruptImmediate,Пуск супероружия врага,Вражеское супероружие активировано! Всем в укрытие!,Вражеское супероружие активировано! Всем в укрытие!,Urgent,Fast,Critical,"Authoritative mature female military command voice, low contralto, precise Russian diction, restrained emotion, firm concise delivery, calm under pressure.",RA4_Design_v2,false,Approved,Faction=SU;Event=ENEMY_SUPERWEAPON_FIRED;Variant=02
SU,EVA_SU_KONTUR,FACTION_RESOURCE_MAX,01,Rare,2,15.0,CG_Intel,Queue,Мобилизация 100%,Мобилизация завершена. Армия готова к общему нажиму.,Мобилизация завершена. Армия готова к общему нажиму.,Authoritative,Commanding,High,"Authoritative mature female military command voice, low contralto, precise Russian diction, restrained emotion, firm concise delivery, calm under pressure.",RA4_Bible_v2,true,Approved,Faction=SU;Event=FACTION_RESOURCE_MAX;Variant=01
SU,EVA_SU_KONTUR,FACTION_RESOURCE_MAX,02,Rare,2,15.0,CG_Intel,Queue,Мобилизация 100%,Шкала мобилизации на максимуме. Применить общий нажим!,Шкала мобилизации на максимуме. Применить общий нажим!,Authoritative,Commanding,High,"Authoritative mature female military command voice, low contralto, precise Russian diction, restrained emotion, firm concise delivery, calm under pressure.",RA4_Design_v2,false,Approved,Faction=SU;Event=FACTION_RESOURCE_MAX;Variant=02
SU,EVA_SU_KONTUR,BUILDING_UNDER_ATTACK,01,Standard,2,5.0,CG_CombatAlert,DropIfBusy,Атака на вспомогательное здание,Вспомогательное строение под огнём.,Вспомогательное строение под огнём.,Firm,Commanding,Medium,"Authoritative mature female military command voice, low contralto, precise Russian diction, restrained emotion, firm concise delivery, calm under pressure.",RA4_Design_v2,false,Approved,Faction=SU;Event=BUILDING_UNDER_ATTACK;Variant=01
SU,EVA_SU_KONTUR,BUILDING_UNDER_ATTACK,02,Standard,2,5.0,CG_CombatAlert,DropIfBusy,Атака на вспомогательное здание,Аванпост атакован противником.,Аванпост атакован противником.,Firm,Commanding,Medium,"Authoritative mature female military command voice, low contralto, precise Russian diction, restrained emotion, firm concise delivery, calm under pressure.",RA4_Design_v2,false,Approved,Faction=SU;Event=BUILDING_UNDER_ATTACK;Variant=02
SU,EVA_SU_KONTUR,BUILDING_UNDER_ATTACK,03,Standard,2,5.0,CG_CombatAlert,DropIfBusy,Атака на вспомогательное здание,Наши оборонительные сооружения повреждены.,Наши оборонительные сооружения повреждены.,Firm,Commanding,Medium,"Authoritative mature female military command voice, low contralto, precise Russian diction, restrained emotion, firm concise delivery, calm under pressure.",RA4_Design_v2,false,Approved,Faction=SU;Event=BUILDING_UNDER_ATTACK;Variant=03
SU,EVA_SU_KONTUR,STRUCTURE_SOLD,01,Standard,3,2.0,CG_Production,Queue,Продажа здания,Объект демонтирован. Ресурсы возвращены.,Объект демонтирован. Ресурсы возвращены.,Restrained,Commanding,Medium,"Authoritative mature female military command voice, low contralto, precise Russian diction, restrained emotion, firm concise delivery, calm under pressure.",RA4_Design_v2,false,Approved,Faction=SU;Event=STRUCTURE_SOLD;Variant=01
SU,EVA_SU_KONTUR,STRUCTURE_SOLD,02,Standard,3,2.0,CG_Production,Queue,Продажа здания,Строение продано.,Строение продано.,Restrained,Commanding,Medium,"Authoritative mature female military command voice, low contralto, precise Russian diction, restrained emotion, firm concise delivery, calm under pressure.",RA4_Design_v2,false,Approved,Faction=SU;Event=STRUCTURE_SOLD;Variant=02
SU,EVA_SU_KONTUR,STRUCTURE_SOLD,03,Standard,3,2.0,CG_Production,Queue,Продажа здания,Демонтаж завершён.,Демонтаж завершён.,Restrained,Commanding,Medium,"Authoritative mature female military command voice, low contralto, precise Russian diction, restrained emotion, firm concise delivery, calm under pressure.",RA4_Design_v2,false,Approved,Faction=SU;Event=STRUCTURE_SOLD;Variant=03
SU,EVA_SU_KONTUR,CONSTRUCTION_CANCELLED,01,Standard,3,2.0,CG_Production,Queue,Отмена постройки,Строительство отменено.,Строительство отменено.,Restrained,Commanding,Medium,"Authoritative mature female military command voice, low contralto, precise Russian diction, restrained emotion, firm concise delivery, calm under pressure.",RA4_Design_v2,false,Approved,Faction=SU;Event=CONSTRUCTION_CANCELLED;Variant=01
SU,EVA_SU_KONTUR,CONSTRUCTION_CANCELLED,02,Standard,3,2.0,CG_Production,Queue,Отмена постройки,Проект отозван командованием.,Проект отозван командованием.,Restrained,Commanding,Medium,"Authoritative mature female military command voice, low contralto, precise Russian diction, restrained emotion, firm concise delivery, calm under pressure.",RA4_Design_v2,false,Approved,Faction=SU;Event=CONSTRUCTION_CANCELLED;Variant=02
SU,EVA_SU_KONTUR,CONSTRUCTION_CANCELLED,03,Standard,3,2.0,CG_Production,Queue,Отмена постройки,Возведение объекта остановлено.,Возведение объекта остановлено.,Restrained,Commanding,Medium,"Authoritative mature female military command voice, low contralto, precise Russian diction, restrained emotion, firm concise delivery, calm under pressure.",RA4_Design_v2,false,Approved,Faction=SU;Event=CONSTRUCTION_CANCELLED;Variant=03
SU,EVA_SU_KONTUR,UPGRADE_COMPLETE,01,Standard,3,3.0,CG_Production,Queue,Завершение исследования T2/T3,Модернизация завершена. Технологии доступны.,Модернизация завершена. Технологии доступны.,Authoritative,Commanding,Medium,"Authoritative mature female military command voice, low contralto, precise Russian diction, restrained emotion, firm concise delivery, calm under pressure.",RA4_Design_v2,false,Approved,Faction=SU;Event=UPGRADE_COMPLETE;Variant=01
SU,EVA_SU_KONTUR,UPGRADE_COMPLETE,02,Standard,3,3.0,CG_Production,Queue,Завершение исследования T2/T3,Исследование в Научном комплексе «Гром» окончено.,Исследование в Научном комплексе Гром окончено.,Authoritative,Commanding,Medium,"Authoritative mature female military command voice, low contralto, precise Russian diction, restrained emotion, firm concise delivery, calm under pressure.",RA4_Design_v2,false,Approved,Faction=SU;Event=UPGRADE_COMPLETE;Variant=02
SU,EVA_SU_KONTUR,UPGRADE_COMPLETE,03,Standard,3,3.0,CG_Production,Queue,Завершение исследования T2/T3,Разработка улучшений завершена.,Разработка улучшений завершена.,Authoritative,Commanding,Medium,"Authoritative mature female military command voice, low contralto, precise Russian diction, restrained emotion, firm concise delivery, calm under pressure.",RA4_Design_v2,false,Approved,Faction=SU;Event=UPGRADE_COMPLETE;Variant=03
SU,EVA_SU_KONTUR,SUPERWEAPON_READY,01,Standard,1,0.0,CG_Superweapon,InterruptImmediate,Готовность «Карателя» / «Железного купола»,Ракетный комплекс «Каратель» готов к запуску!,Ракетный комплекс Каратель готов к запуску!,Authoritative,Commanding,High,"Authoritative mature female military command voice, low contralto, precise Russian diction, restrained emotion, firm concise delivery, calm under pressure.",RA4_Design_v2,false,Approved,Faction=SU;Event=SUPERWEAPON_READY;Variant=01
SU,EVA_SU_KONTUR,SUPERWEAPON_READY,02,Standard,1,0.0,CG_Superweapon,InterruptImmediate,Готовность «Карателя» / «Железного купола»,Комплекс «Железный купол» заряжен.,Комплекс Железный купол заряжен.,Authoritative,Commanding,High,"Authoritative mature female military command voice, low contralto, precise Russian diction, restrained emotion, firm concise delivery, calm under pressure.",RA4_Design_v2,false,Approved,Faction=SU;Event=SUPERWEAPON_READY;Variant=02
SU,EVA_SU_KONTUR,SUPERWEAPON_READY,03,Standard,1,0.0,CG_Superweapon,InterruptImmediate,Готовность «Карателя» / «Железного купола»,Стратегическое оружие готово к применению.,Стратегическое оружие готово к применению.,Authoritative,Commanding,High,"Authoritative mature female military command voice, low contralto, precise Russian diction, restrained emotion, firm concise delivery, calm under pressure.",RA4_Design_v2,false,Approved,Faction=SU;Event=SUPERWEAPON_READY;Variant=03
SU,EVA_SU_KONTUR,SUPERWEAPON_COUNTDOWN_STARTED,01,Standard,1,0.0,CG_Superweapon,InterruptImmediate,Отсчёт до удара врага,Внимание! Обратный отсчёт вражеского удара запущен!,Внимание! Обратный отсчёт вражеского удара запущен!,Urgent,Fast,High,"Authoritative mature female military command voice, low contralto, precise Russian diction, restrained emotion, firm concise delivery, calm under pressure.",RA4_Design_v2,false,Approved,Faction=SU;Event=SUPERWEAPON_COUNTDOWN_STARTED;Variant=01
SU,EVA_SU_KONTUR,SUPERWEAPON_COUNTDOWN_STARTED,02,Standard,1,0.0,CG_Superweapon,InterruptImmediate,Отсчёт до удара врага,Таймер вражеского супероружия активирован.,Таймер вражеского супероружия активирован.,Urgent,Fast,High,"Authoritative mature female military command voice, low contralto, precise Russian diction, restrained emotion, firm concise delivery, calm under pressure.",RA4_Design_v2,false,Approved,Faction=SU;Event=SUPERWEAPON_COUNTDOWN_STARTED;Variant=02
SU,EVA_SU_KONTUR,SUPERWEAPON_COUNTDOWN_STARTED,03,Standard,1,0.0,CG_Superweapon,InterruptImmediate,Отсчёт до удара врага,Удар врага неизбежен. Принять меры защиты.,Удар врага неизбежен. Принять меры защиты.,Urgent,Fast,High,"Authoritative mature female military command voice, low contralto, precise Russian diction, restrained emotion, firm concise delivery, calm under pressure.",RA4_Design_v2,false,Approved,Faction=SU;Event=SUPERWEAPON_COUNTDOWN_STARTED;Variant=03
SU,EVA_SU_KONTUR,FACTION_ABILITY_READY,01,Standard,3,5.0,CG_Intel,Queue,Приказ «Общий нажим» готов,Приказ «Общий нажим» доступен.,Приказ Общий нажим доступен.,Firm,Commanding,Medium,"Authoritative mature female military command voice, low contralto, precise Russian diction, restrained emotion, firm concise delivery, calm under pressure.",RA4_Design_v2,false,Approved,Faction=SU;Event=FACTION_ABILITY_READY;Variant=01
SU,EVA_SU_KONTUR,FACTION_ABILITY_READY,02,Standard,3,5.0,CG_Intel,Queue,Приказ «Общий нажим» готов,Советская армия готова к массовому наступлению.,Советская армия готова к массовому наступлению.,Authoritative,Commanding,Medium,"Authoritative mature female military command voice, low contralto, precise Russian diction, restrained emotion, firm concise delivery, calm under pressure.",RA4_Design_v2,false,Approved,Faction=SU;Event=FACTION_ABILITY_READY;Variant=02
SU,EVA_SU_KONTUR,FACTION_ABILITY_READY,03,Standard,3,5.0,CG_Intel,Queue,Приказ «Общий нажим» готов,Фракционная способность готова к активации.,Фракционная способность готова к активации.,Firm,Commanding,Medium,"Authoritative mature female military command voice, low contralto, precise Russian diction, restrained emotion, firm concise delivery, calm under pressure.",RA4_Design_v2,false,Approved,Faction=SU;Event=FACTION_ABILITY_READY;Variant=03
SU,EVA_SU_KONTUR,FACTION_ABILITY_ACTIVATED,01,Standard,2,3.0,CG_Intel,Queue,Активация «Общего нажима»,Приказ «Общий нажим» отдан! Вперёд!,Приказ Общий нажим отдан! Вперёд!,Authoritative,Fast,High,"Authoritative mature female military command voice, low contralto, precise Russian diction, restrained emotion, firm concise delivery, calm under pressure.",RA4_Design_v2,false,Approved,Faction=SU;Event=FACTION_ABILITY_ACTIVATED;Variant=01
SU,EVA_SU_KONTUR,FACTION_ABILITY_ACTIVATED,02,Standard,2,3.0,CG_Intel,Queue,Активация «Общего нажима»,Атака по всему фронту активирована!,Атака по всему фронту активирована!,Authoritative,Fast,High,"Authoritative mature female military command voice, low contralto, precise Russian diction, restrained emotion, firm concise delivery, calm under pressure.",RA4_Design_v2,false,Approved,Faction=SU;Event=FACTION_ABILITY_ACTIVATED;Variant=02
SU,EVA_SU_KONTUR,FACTION_ABILITY_ACTIVATED,03,Standard,2,3.0,CG_Intel,Queue,Активация «Общего нажима»,Войска получили ускорение и иммунитет к подавлению.,Войска получили ускорение и иммунитет к подавлению.,Authoritative,Fast,High,"Authoritative mature female military command voice, low contralto, precise Russian diction, restrained emotion, firm concise delivery, calm under pressure.",RA4_Design_v2,false,Approved,Faction=SU;Event=FACTION_ABILITY_ACTIVATED;Variant=03
SU,EVA_SU_KONTUR,ALLIED_BASE_UNDER_ATTACK,01,Standard,2,6.0,CG_CombatAlert,InterruptImmediate,Атакована база союзника,База союзника под огнём противника!,База союзника под огнём противника!,Urgent,Fast,High,"Authoritative mature female military command voice, low contralto, precise Russian diction, restrained emotion, firm concise delivery, calm under pressure.",RA4_Design_v2,false,Approved,Faction=SU;Event=ALLIED_BASE_UNDER_ATTACK;Variant=01
SU,EVA_SU_KONTUR,ALLIED_BASE_UNDER_ATTACK,02,Standard,2,6.0,CG_CombatAlert,InterruptImmediate,Атакована база союзника,Союзные силы запрашивают подкрепление!,Союзные силы запрашивают подкрепление!,Urgent,Fast,High,"Authoritative mature female military command voice, low contralto, precise Russian diction, restrained emotion, firm concise delivery, calm under pressure.",RA4_Design_v2,false,Approved,Faction=SU;Event=ALLIED_BASE_UNDER_ATTACK;Variant=02
SU,EVA_SU_KONTUR,ALLIED_BASE_UNDER_ATTACK,03,Standard,2,6.0,CG_CombatAlert,InterruptImmediate,Атакована база союзника,Враг штурмует позиции наших союзников.,Враг штурмует позиции наших союзников.,Urgent,Fast,High,"Authoritative mature female military command voice, low contralto, precise Russian diction, restrained emotion, firm concise delivery, calm under pressure.",RA4_Design_v2,false,Approved,Faction=SU;Event=ALLIED_BASE_UNDER_ATTACK;Variant=03
SU,EVA_SU_KONTUR,RADAR_OFFLINE,01,Standard,2,5.0,CG_Intel,InterruptImmediate,Отключение радара,Потерян сигнал с Командным радаром!,Потерян сигнал с Командным радаром!,Urgent,Fast,High,"Authoritative mature female military command voice, low contralto, precise Russian diction, restrained emotion, firm concise delivery, calm under pressure.",RA4_Design_v2,false,Approved,Faction=SU;Event=RADAR_OFFLINE;Variant=01
SU,EVA_SU_KONTUR,RADAR_OFFLINE,02,Standard,2,5.0,CG_Intel,InterruptImmediate,Отключение радара,Связь с радаром обесточена. Мини-карта недоступна.,Связь с радаром обесточена. Мини-карта недоступна.,Urgent,Fast,High,"Authoritative mature female military command voice, low contralto, precise Russian diction, restrained emotion, firm concise delivery, calm under pressure.",RA4_Design_v2,false,Approved,Faction=SU;Event=RADAR_OFFLINE;Variant=02
SU,EVA_SU_KONTUR,RADAR_OFFLINE,03,Standard,2,5.0,CG_Intel,InterruptImmediate,Отключение радара,Слепая зона! Радар повреждён.,Слепая зона! Радар повреждён.,Urgent,Fast,High,"Authoritative mature female military command voice, low contralto, precise Russian diction, restrained emotion, firm concise delivery, calm under pressure.",RA4_Design_v2,false,Approved,Faction=SU;Event=RADAR_OFFLINE;Variant=03
SU,EVA_SU_KONTUR,RESOURCES_DEPLETED,01,Standard,3,10.0,CG_Economy,DropIfBusy,Истощение месторождения руды,Месторождение руды полностью выработано.,Месторождение руды полностью выработано.,Restrained,Commanding,Medium,"Authoritative mature female military command voice, low contralto, precise Russian diction, restrained emotion, firm concise delivery, calm under pressure.",RA4_Design_v2,false,Approved,Faction=SU;Event=RESOURCES_DEPLETED;Variant=01
SU,EVA_SU_KONTUR,RESOURCES_DEPLETED,02,Standard,3,10.0,CG_Economy,DropIfBusy,Истощение месторождения руды,Рудная жила истощена. Перенаправьте «Богатырь».,Рудная жила истощена. Перенаправьте Богатырь.,Restrained,Commanding,Medium,"Authoritative mature female military command voice, low contralto, precise Russian diction, restrained emotion, firm concise delivery, calm under pressure.",RA4_Design_v2,false,Approved,Faction=SU;Event=RESOURCES_DEPLETED;Variant=02
SU,EVA_SU_KONTUR,RESOURCES_DEPLETED,03,Standard,3,10.0,CG_Economy,DropIfBusy,Истощение месторождения руды,Добыча на участке прекращена. Руды нет.,Добыча на участке прекращена. Руды нет.,Restrained,Commanding,Medium,"Authoritative mature female military command voice, low contralto, precise Russian diction, restrained emotion, firm concise delivery, calm under pressure.",RA4_Design_v2,false,Approved,Faction=SU;Event=RESOURCES_DEPLETED;Variant=03
AL,EVA_AL_ASTRA,UNIT_READY_GENERIC,01,Frequent,3,2.0,CG_Production,Queue,Универсальное завершение постройки,Подразделение завершило подготовку.,Подразделение завершило подготовку.,Professional,Medium-Fast,Medium,"Professional female tactical AI voice, clean and intelligent, confident, modern, precise, slightly warm, medium-fast pace, excellent Russian diction.",RA4_Bible_v2,true,Approved,Faction=AL;Event=UNIT_READY_GENERIC;Variant=01
AL,EVA_AL_ASTRA,UNIT_READY_GENERIC,02,Frequent,3,2.0,CG_Production,Queue,Универсальное завершение постройки,Боевой юнит развёрнут и готов.,Боевой юнит развёрнут и готов.,Professional,Medium-Fast,Medium,"Professional female tactical AI voice, clean and intelligent, confident, modern, precise, slightly warm, medium-fast pace, excellent Russian diction.",RA4_Design_v2,false,Approved,Faction=AL;Event=UNIT_READY_GENERIC;Variant=02
AL,EVA_AL_ASTRA,UNIT_READY_GENERIC,03,Frequent,3,2.0,CG_Production,Queue,Универсальное завершение постройки,Подкрепление поступило в ваше распоряжение.,Подкрепление поступило в ваше распоряжение.,Professional,Medium-Fast,Medium,"Professional female tactical AI voice, clean and intelligent, confident, modern, precise, slightly warm, medium-fast pace, excellent Russian diction.",RA4_Design_v2,false,Approved,Faction=AL;Event=UNIT_READY_GENERIC;Variant=03
AL,EVA_AL_ASTRA,UNIT_READY_GENERIC,04,Frequent,3,2.0,CG_Production,Queue,Универсальное завершение постройки,Единица вошла в тактическую сеть.,Единица вошла в тактическую сеть.,Professional,Medium-Fast,Medium,"Professional female tactical AI voice, clean and intelligent, confident, modern, precise, slightly warm, medium-fast pace, excellent Russian diction.",RA4_Design_v2,false,Approved,Faction=AL;Event=UNIT_READY_GENERIC;Variant=04
AL,EVA_AL_ASTRA,INFANTRY_READY,01,Frequent,3,2.0,CG_Production,Queue,Пехотное подразделение готово,Отряд пехоты готов к выходу на позицию.,Отряд пехоты готов к выходу на позицию.,Professional,Medium-Fast,Medium,"Professional female tactical AI voice, clean and intelligent, confident, modern, precise, slightly warm, medium-fast pace, excellent Russian diction.",RA4_Design_v2,false,Approved,Faction=AL;Event=INFANTRY_READY;Variant=01
AL,EVA_AL_ASTRA,INFANTRY_READY,02,Frequent,3,2.0,CG_Production,Queue,Пехотное подразделение готово,Пехотинцы Sentinel экипированы.,Пехотинцы Сентинел экипированы.,Professional,Medium-Fast,Medium,"Professional female tactical AI voice, clean and intelligent, confident, modern, precise, slightly warm, medium-fast pace, excellent Russian diction.",RA4_Design_v2,false,Approved,Faction=AL;Event=INFANTRY_READY;Variant=02
AL,EVA_AL_ASTRA,INFANTRY_READY,03,Frequent,3,2.0,CG_Production,Queue,Пехотное подразделение готово,Специалист развёрнут.,Специалист развёрнут.,Professional,Medium-Fast,Medium,"Professional female tactical AI voice, clean and intelligent, confident, modern, precise, slightly warm, medium-fast pace, excellent Russian diction.",RA4_Design_v2,false,Approved,Faction=AL;Event=INFANTRY_READY;Variant=03
AL,EVA_AL_ASTRA,INFANTRY_READY,04,Frequent,3,2.0,CG_Production,Queue,Пехотное подразделение готово,Тактическая группа пехоты укомплектована.,Тактическая группа пехоты укомплектована.,Professional,Medium-Fast,Medium,"Professional female tactical AI voice, clean and intelligent, confident, modern, precise, slightly warm, medium-fast pace, excellent Russian diction.",RA4_Design_v2,false,Approved,Faction=AL;Event=INFANTRY_READY;Variant=04
AL,EVA_AL_ASTRA,VEHICLE_READY,01,Frequent,3,2.0,CG_Production,Queue,Бронетехника готова,Бронетехника прошла финишную диагностику.,Бронетехника прошла финишную диагностику.,Professional,Medium-Fast,Medium,"Professional female tactical AI voice, clean and intelligent, confident, modern, precise, slightly warm, medium-fast pace, excellent Russian diction.",RA4_Design_v2,false,Approved,Faction=AL;Event=VEHICLE_READY;Variant=01
AL,EVA_AL_ASTRA,VEHICLE_READY,02,Frequent,3,2.0,CG_Production,Queue,Бронетехника готова,Танк Bulwark готов к выдвижению.,Танк Булварк готов к выдвижению.,Professional,Medium-Fast,Medium,"Professional female tactical AI voice, clean and intelligent, confident, modern, precise, slightly warm, medium-fast pace, excellent Russian diction.",RA4_Design_v2,false,Approved,Faction=AL;Event=VEHICLE_READY;Variant=02
AL,EVA_AL_ASTRA,VEHICLE_READY,03,Frequent,3,2.0,CG_Production,Queue,Бронетехника готова,Модульная бронемашина готова к бою.,Модульная бронемашина готова к бою.,Professional,Medium-Fast,Medium,"Professional female tactical AI voice, clean and intelligent, confident, modern, precise, slightly warm, medium-fast pace, excellent Russian diction.",RA4_Design_v2,false,Approved,Faction=AL;Event=VEHICLE_READY;Variant=03
AL,EVA_AL_ASTRA,VEHICLE_READY,04,Frequent,3,2.0,CG_Production,Queue,Бронетехника готова,Артиллерийская платформа силами Модульного завода передана.,Артиллерийская платформа силами Модульного завода передана.,Professional,Medium-Fast,Medium,"Professional female tactical AI voice, clean and intelligent, confident, modern, precise, slightly warm, medium-fast pace, excellent Russian diction.",RA4_Design_v2,false,Approved,Faction=AL;Event=VEHICLE_READY;Variant=04
AL,EVA_AL_ASTRA,AIRCRAFT_READY,01,Frequent,3,2.0,CG_Production,Queue,Авиация на взлётной полосе,Боевой самолёт готов к взлёту.,Боевой самолёт готов к взлёту.,Professional,Medium-Fast,Medium,"Professional female tactical AI voice, clean and intelligent, confident, modern, precise, slightly warm, medium-fast pace, excellent Russian diction.",RA4_Design_v2,false,Approved,Faction=AL;Event=AIRCRAFT_READY;Variant=01
AL,EVA_AL_ASTRA,AIRCRAFT_READY,02,Frequent,3,2.0,CG_Production,Queue,Авиация на взлётной полосе,Истребитель Shrike заступил на дежурство.,Истребитель Шрайк заступил на дежурство.,Professional,Medium-Fast,Medium,"Professional female tactical AI voice, clean and intelligent, confident, modern, precise, slightly warm, medium-fast pace, excellent Russian diction.",RA4_Design_v2,false,Approved,Faction=AL;Event=AIRCRAFT_READY;Variant=02
AL,EVA_AL_ASTRA,AIRCRAFT_READY,03,Frequent,3,2.0,CG_Production,Queue,Авиация на взлётной полосе,Аппарат Vector размещён на базе «Небесная линия».,Аппарат Вектор размещён на базе Небесная линия.,Professional,Medium-Fast,Medium,"Professional female tactical AI voice, clean and intelligent, confident, modern, precise, slightly warm, medium-fast pace, excellent Russian diction.",RA4_Design_v2,false,Approved,Faction=AL;Event=AIRCRAFT_READY;Variant=03
AL,EVA_AL_ASTRA,AIRCRAFT_READY,04,Frequent,3,2.0,CG_Production,Queue,Авиация на взлётной полосе,Стелс-бомбардировщик загружен и готов.,Стелс-бомбардировщик загружен и готов.,Professional,Medium-Fast,Medium,"Professional female tactical AI voice, clean and intelligent, confident, modern, precise, slightly warm, medium-fast pace, excellent Russian diction.",RA4_Design_v2,false,Approved,Faction=AL;Event=AIRCRAFT_READY;Variant=04
AL,EVA_AL_ASTRA,NAVAL_UNIT_READY,01,Frequent,3,2.0,CG_Production,Queue,Корабль сдан в эксплуатацию,Военный корабль сдан в эксплуатацию.,Военный корабль сдан в эксплуатацию.,Professional,Medium-Fast,Medium,"Professional female tactical AI voice, clean and intelligent, confident, modern, precise, slightly warm, medium-fast pace, excellent Russian diction.",RA4_Design_v2,false,Approved,Faction=AL;Event=NAVAL_UNIT_READY;Variant=01
AL,EVA_AL_ASTRA,NAVAL_UNIT_READY,02,Frequent,3,2.0,CG_Production,Queue,Корабль сдан в эксплуатацию,Эсминец Resolute готовит запуск систем.,Эсминец Резолют готовит запуск систем.,Professional,Medium-Fast,Medium,"Professional female tactical AI voice, clean and intelligent, confident, modern, precise, slightly warm, medium-fast pace, excellent Russian diction.",RA4_Design_v2,false,Approved,Faction=AL;Event=NAVAL_UNIT_READY;Variant=02
AL,EVA_AL_ASTRA,NAVAL_UNIT_READY,03,Frequent,3,2.0,CG_Production,Queue,Корабль сдан в эксплуатацию,Авианосец Horizon вошёл в акваторию.,Авианосец Хорайзон вошёл в акваторию.,Professional,Medium-Fast,Medium,"Professional female tactical AI voice, clean and intelligent, confident, modern, precise, slightly warm, medium-fast pace, excellent Russian diction.",RA4_Design_v2,false,Approved,Faction=AL;Event=NAVAL_UNIT_READY;Variant=03
AL,EVA_AL_ASTRA,NAVAL_UNIT_READY,04,Frequent,3,2.0,CG_Production,Queue,Корабль сдан в эксплуатацию,Морской катер спустил трап.,Морской катер спустил трап.,Professional,Medium-Fast,Medium,"Professional female tactical AI voice, clean and intelligent, confident, modern, precise, slightly warm, medium-fast pace, excellent Russian diction.",RA4_Design_v2,false,Approved,Faction=AL;Event=NAVAL_UNIT_READY;Variant=04
AL,EVA_AL_ASTRA,CONSTRUCTION_COMPLETE,01,Frequent,3,2.0,CG_Production,Queue,Здание построено,Строительство сооружения завершено.,Строительство сооружения завершено.,Professional,Medium-Fast,Medium,"Professional female tactical AI voice, clean and intelligent, confident, modern, precise, slightly warm, medium-fast pace, excellent Russian diction.",RA4_Design_v2,false,Approved,Faction=AL;Event=CONSTRUCTION_COMPLETE;Variant=01
AL,EVA_AL_ASTRA,CONSTRUCTION_COMPLETE,02,Frequent,3,2.0,CG_Production,Queue,Здание построено,Модуль базы введен в строй.,Модуль базы введен в строй.,Professional,Medium-Fast,Medium,"Professional female tactical AI voice, clean and intelligent, confident, modern, precise, slightly warm, medium-fast pace, excellent Russian diction.",RA4_Design_v2,false,Approved,Faction=AL;Event=CONSTRUCTION_COMPLETE;Variant=02
AL,EVA_AL_ASTRA,CONSTRUCTION_COMPLETE,03,Frequent,3,2.0,CG_Production,Queue,Здание построено,Новый объект подключается к энергосети.,Новый объект подключается к энергосети.,Professional,Medium-Fast,Medium,"Professional female tactical AI voice, clean and intelligent, confident, modern, precise, slightly warm, medium-fast pace, excellent Russian diction.",RA4_Design_v2,false,Approved,Faction=AL;Event=CONSTRUCTION_COMPLETE;Variant=03
AL,EVA_AL_ASTRA,CONSTRUCTION_COMPLETE,04,Frequent,3,2.0,CG_Production,Queue,Здание построено,Развёртывание структуры окончено.,Развёртывание структуры окончено.,Professional,Medium-Fast,Medium,"Professional female tactical AI voice, clean and intelligent, confident, modern, precise, slightly warm, medium-fast pace, excellent Russian diction.",RA4_Design_v2,false,Approved,Faction=AL;Event=CONSTRUCTION_COMPLETE;Variant=04
AL,EVA_AL_ASTRA,INSUFFICIENT_FUNDS,01,Frequent,3,10.0,CG_Economy,DropIfBusy,Нехватка кредитов,Недостаточно кредитов для транзакции.,Недостаточно кредитов для транзакции.,Professional,Medium-Fast,Medium,"Professional female tactical AI voice, clean and intelligent, confident, modern, precise, slightly warm, medium-fast pace, excellent Russian diction.",RA4_Design_v2,false,Approved,Faction=AL;Event=INSUFFICIENT_FUNDS;Variant=01
AL,EVA_AL_ASTRA,INSUFFICIENT_FUNDS,02,Frequent,3,10.0,CG_Economy,DropIfBusy,Нехватка кредитов,Баланс счёта ниже требуемого порога.,Баланс счёта ниже требуемого порога.,Professional,Medium-Fast,Medium,"Professional female tactical AI voice, clean and intelligent, confident, modern, precise, slightly warm, medium-fast pace, excellent Russian diction.",RA4_Design_v2,false,Approved,Faction=AL;Event=INSUFFICIENT_FUNDS;Variant=02
AL,EVA_AL_ASTRA,INSUFFICIENT_FUNDS,03,Frequent,3,10.0,CG_Economy,DropIfBusy,Нехватка кредитов,Требуются дополнительные финансовые поступления.,Требуются дополнительные финансовые поступления.,Professional,Medium-Fast,Medium,"Professional female tactical AI voice, clean and intelligent, confident, modern, precise, slightly warm, medium-fast pace, excellent Russian diction.",RA4_Design_v2,false,Approved,Faction=AL;Event=INSUFFICIENT_FUNDS;Variant=03
AL,EVA_AL_ASTRA,INSUFFICIENT_FUNDS,04,Frequent,3,10.0,CG_Economy,DropIfBusy,Нехватка кредитов,Запрос отклонен: дефицит ресурсов.,Запрос отклонен: дефицит ресурсов.,Professional,Medium-Fast,Medium,"Professional female tactical AI voice, clean and intelligent, confident, modern, precise, slightly warm, medium-fast pace, excellent Russian diction.",RA4_Design_v2,false,Approved,Faction=AL;Event=INSUFFICIENT_FUNDS;Variant=04
AL,EVA_AL_ASTRA,BASE_UNDER_ATTACK,01,Frequent,2,5.0,CG_CombatAlert,InterruptImmediate,Атака на критическую инфраструктуру,Обнаружена атака на критическую инфраструктуру.,Обнаружена атака на критическую инфраструктуру.,Urgent,Fast,High,"Professional female tactical AI voice, clean and intelligent, confident, modern, precise, slightly warm, medium-fast pace, excellent Russian diction.",RA4_Bible_v2,true,Approved,Faction=AL;Event=BASE_UNDER_ATTACK;Variant=01
AL,EVA_AL_ASTRA,BASE_UNDER_ATTACK,02,Frequent,2,5.0,CG_CombatAlert,InterruptImmediate,Атака на критическую инфраструктуру,Внимание: периметр базы под ударом!,Внимание: периметр базы под ударом!,Urgent,Fast,High,"Professional female tactical AI voice, clean and intelligent, confident, modern, precise, slightly warm, medium-fast pace, excellent Russian diction.",RA4_Design_v2,false,Approved,Faction=AL;Event=BASE_UNDER_ATTACK;Variant=02
AL,EVA_AL_ASTRA,BASE_UNDER_ATTACK,03,Frequent,2,5.0,CG_CombatAlert,InterruptImmediate,Атака на критическую инфраструктуру,Зафиксировано вражеское проникновение в сектор базы.,Зафиксировано вражеское проникновение в сектор базы.,Urgent,Fast,High,"Professional female tactical AI voice, clean and intelligent, confident, modern, precise, slightly warm, medium-fast pace, excellent Russian diction.",RA4_Design_v2,false,Approved,Faction=AL;Event=BASE_UNDER_ATTACK;Variant=03
AL,EVA_AL_ASTRA,BASE_UNDER_ATTACK,04,Frequent,2,5.0,CG_CombatAlert,InterruptImmediate,Атака на критическую инфраструктуру,Враг ведет обстрел наших модулей!,Враг ведет обстрел наших модулей!,Urgent,Fast,High,"Professional female tactical AI voice, clean and intelligent, confident, modern, precise, slightly warm, medium-fast pace, excellent Russian diction.",RA4_Design_v2,false,Approved,Faction=AL;Event=BASE_UNDER_ATTACK;Variant=04
AL,EVA_AL_ASTRA,HARVESTER_UNDER_ATTACK,01,Frequent,2,8.0,CG_CombatAlert,InterruptImmediate,Атака на Pioneer Harvester M88,Платформа Pioneer M88 подверглась нападению!,Платформа Пайонир М88 подверглась нападению!,Urgent,Fast,High,"Professional female tactical AI voice, clean and intelligent, confident, modern, precise, slightly warm, medium-fast pace, excellent Russian diction.",RA4_Design_v2,false,Approved,Faction=AL;Event=HARVESTER_UNDER_ATTACK;Variant=01
AL,EVA_AL_ASTRA,HARVESTER_UNDER_ATTACK,02,Frequent,2,8.0,CG_CombatAlert,InterruptImmediate,Атака на Pioneer Harvester M88,Добывающий модуль под вражеским огнём!,Добывающий модуль под вражеским огнём!,Urgent,Fast,High,"Professional female tactical AI voice, clean and intelligent, confident, modern, precise, slightly warm, medium-fast pace, excellent Russian diction.",RA4_Design_v2,false,Approved,Faction=AL;Event=HARVESTER_UNDER_ATTACK;Variant=02
AL,EVA_AL_ASTRA,HARVESTER_UNDER_ATTACK,03,Frequent,2,8.0,CG_CombatAlert,InterruptImmediate,Атака на Pioneer Harvester M88,Критическая угроза комбайну Pioneer!,Критическая угроза комбайну Пайонир!,Urgent,Fast,High,"Professional female tactical AI voice, clean and intelligent, confident, modern, precise, slightly warm, medium-fast pace, excellent Russian diction.",RA4_Design_v2,false,Approved,Faction=AL;Event=HARVESTER_UNDER_ATTACK;Variant=03
AL,EVA_AL_ASTRA,HARVESTER_UNDER_ATTACK,04,Frequent,2,8.0,CG_CombatAlert,InterruptImmediate,Атака на Pioneer Harvester M88,Вышлите сопровождение к ресурсному комбайну.,Вышлите сопровождение к ресурсному комбайну.,Urgent,Fast,High,"Professional female tactical AI voice, clean and intelligent, confident, modern, precise, slightly warm, medium-fast pace, excellent Russian diction.",RA4_Design_v2,false,Approved,Faction=AL;Event=HARVESTER_UNDER_ATTACK;Variant=04
AL,EVA_AL_ASTRA,POWER_LOW,01,Frequent,2,10.0,CG_Economy,InterruptImmediate,Дефицит энергии,Энергетический резерв ниже безопасного уровня.,Энергетический резерв ниже безопасного уровня.,Urgent,Medium-Fast,High,"Professional female tactical AI voice, clean and intelligent, confident, modern, precise, slightly warm, medium-fast pace, excellent Russian diction.",RA4_Bible_v2,true,Approved,Faction=AL;Event=POWER_LOW;Variant=01
AL,EVA_AL_ASTRA,POWER_LOW,02,Frequent,2,10.0,CG_Economy,InterruptImmediate,Дефицит энергии,Внимание: падение напряжения в общей сети.,Внимание: падение напряжения в общей сети.,Urgent,Medium-Fast,High,"Professional female tactical AI voice, clean and intelligent, confident, modern, precise, slightly warm, medium-fast pace, excellent Russian diction.",RA4_Design_v2,false,Approved,Faction=AL;Event=POWER_LOW;Variant=02
AL,EVA_AL_ASTRA,POWER_LOW,03,Frequent,2,10.0,CG_Economy,InterruptImmediate,Дефицит энергии,Перегрузка электросети. Требуются дополнительные генераторы.,Перегрузка электросети. Требуются дополнительные генераторы.,Urgent,Medium-Fast,High,"Professional female tactical AI voice, clean and intelligent, confident, modern, precise, slightly warm, medium-fast pace, excellent Russian diction.",RA4_Design_v2,false,Approved,Faction=AL;Event=POWER_LOW;Variant=03
AL,EVA_AL_ASTRA,POWER_LOW,04,Frequent,2,10.0,CG_Economy,InterruptImmediate,Дефицит энергии,Низкий уровень питания: оборонительные системы работают с ограничениями.,Низкий уровень питания: оборонительные системы работают с ограничениями.,Urgent,Medium-Fast,High,"Professional female tactical AI voice, clean and intelligent, confident, modern, precise, slightly warm, medium-fast pace, excellent Russian diction.",RA4_Design_v2,false,Approved,Faction=AL;Event=POWER_LOW;Variant=04
AL,EVA_AL_ASTRA,COMMAND_CAP_REACHED,01,Frequent,3,10.0,CG_Economy,DropIfBusy,Лимит подразделений исчерпан,Достигнут предел пропускной способности тактической сети.,Достигнут предел пропускной способности тактической сети.,Professional,Medium-Fast,Medium,"Professional female tactical AI voice, clean and intelligent, confident, modern, precise, slightly warm, medium-fast pace, excellent Russian diction.",RA4_Design_v2,false,Approved,Faction=AL;Event=COMMAND_CAP_REACHED;Variant=01
AL,EVA_AL_ASTRA,COMMAND_CAP_REACHED,02,Frequent,3,10.0,CG_Economy,DropIfBusy,Лимит подразделений исчерпан,Лимит подразделений исчерпан. Постройте казарму.,Лимит подразделений исчерпан. Постройте казарму.,Professional,Medium-Fast,Medium,"Professional female tactical AI voice, clean and intelligent, confident, modern, precise, slightly warm, medium-fast pace, excellent Russian diction.",RA4_Design_v2,false,Approved,Faction=AL;Event=COMMAND_CAP_REACHED;Variant=02
AL,EVA_AL_ASTRA,COMMAND_CAP_REACHED,03,Frequent,3,10.0,CG_Economy,DropIfBusy,Лимит подразделений исчерпан,Превышена емкость командной инфраструктуры.,Превышена емкость командной инфраструктуры.,Professional,Medium-Fast,Medium,"Professional female tactical AI voice, clean and intelligent, confident, modern, precise, slightly warm, medium-fast pace, excellent Russian diction.",RA4_Design_v2,false,Approved,Faction=AL;Event=COMMAND_CAP_REACHED;Variant=03
AL,EVA_AL_ASTRA,COMMAND_CAP_REACHED,04,Frequent,3,10.0,CG_Economy,DropIfBusy,Лимит подразделений исчерпан,Сеть перегружена. Расширьте жилищные модули.,Сеть перегружена. Расширьте жилищные модули.,Professional,Medium-Fast,Medium,"Professional female tactical AI voice, clean and intelligent, confident, modern, precise, slightly warm, medium-fast pace, excellent Russian diction.",RA4_Design_v2,false,Approved,Faction=AL;Event=COMMAND_CAP_REACHED;Variant=04
AL,EVA_AL_ASTRA,STEALTH_UNIT_DETECTED,01,Frequent,2,6.0,CG_Intel,InterruptImmediate,Стелс-цель засечена,Сенсоры зафиксировали маскирующийся объект.,Сенсоры зафиксировали маскирующийся объект.,Urgent,Fast,High,"Professional female tactical AI voice, clean and intelligent, confident, modern, precise, slightly warm, medium-fast pace, excellent Russian diction.",RA4_Design_v2,false,Approved,Faction=AL;Event=STEALTH_UNIT_DETECTED;Variant=01
AL,EVA_AL_ASTRA,STEALTH_UNIT_DETECTED,02,Frequent,2,6.0,CG_Intel,InterruptImmediate,Стелс-цель засечена,Обнаружена замаскированная цель противника.,Обнаружена замаскированная цель противника.,Urgent,Fast,High,"Professional female tactical AI voice, clean and intelligent, confident, modern, precise, slightly warm, medium-fast pace, excellent Russian diction.",RA4_Design_v2,false,Approved,Faction=AL;Event=STEALTH_UNIT_DETECTED;Variant=02
AL,EVA_AL_ASTRA,STEALTH_UNIT_DETECTED,03,Frequent,2,6.0,CG_Intel,InterruptImmediate,Стелс-цель засечена,Оптический камуфляж врага вскрыт.,Оптический камуфляж врага вскрыт.,Urgent,Fast,High,"Professional female tactical AI voice, clean and intelligent, confident, modern, precise, slightly warm, medium-fast pace, excellent Russian diction.",RA4_Design_v2,false,Approved,Faction=AL;Event=STEALTH_UNIT_DETECTED;Variant=03
AL,EVA_AL_ASTRA,STEALTH_UNIT_DETECTED,04,Frequent,2,6.0,CG_Intel,InterruptImmediate,Стелс-цель засечена,Внимание: диверсант в зоне сканирования.,Внимание: диверсант в зоне сканирования.,Urgent,Fast,High,"Professional female tactical AI voice, clean and intelligent, confident, modern, precise, slightly warm, medium-fast pace, excellent Russian diction.",RA4_Design_v2,false,Approved,Faction=AL;Event=STEALTH_UNIT_DETECTED;Variant=04
AL,EVA_AL_ASTRA,MATCH_START,01,Rare,1,0.0,CG_MatchFlow,NeverInterrupt,Старт операции,Командная сеть активна. Все каналы защищены.,Командная сеть активна. Все каналы защищены.,Professional,Medium-Fast,Critical,"Professional female tactical AI voice, clean and intelligent, confident, modern, precise, slightly warm, medium-fast pace, excellent Russian diction.",RA4_Bible_v2,true,Approved,Faction=AL;Event=MATCH_START;Variant=01
AL,EVA_AL_ASTRA,MATCH_START,02,Rare,1,0.0,CG_MatchFlow,NeverInterrupt,Старт операции,ИИ ASTRA подключен. Оперативный штаб Альянса готов.,ИИ Астра подключен. Оперативный штаб Альянса готов.,Professional,Medium-Fast,Critical,"Professional female tactical AI voice, clean and intelligent, confident, modern, precise, slightly warm, medium-fast pace, excellent Russian diction.",RA4_Design_v2,false,Approved,Faction=AL;Event=MATCH_START;Variant=02
AL,EVA_AL_ASTRA,MATCH_VICTORY,01,Rare,1,0.0,CG_MatchFlow,NeverInterrupt,Победа,Цели операции достигнуты. Потери в допустимых пределах.,Цели операции достигнуты. Потери в допустимых пределах.,Professional,Medium-Fast,Critical,"Professional female tactical AI voice, clean and intelligent, confident, modern, precise, slightly warm, medium-fast pace, excellent Russian diction.",RA4_Bible_v2,true,Approved,Faction=AL;Event=MATCH_VICTORY;Variant=01
AL,EVA_AL_ASTRA,MATCH_VICTORY,02,Rare,1,0.0,CG_MatchFlow,NeverInterrupt,Победа,Противник обезврежен. Операция увенчалась успехом.,Противник обезврежен. Операция увенчалась успехом.,Professional,Medium-Fast,Critical,"Professional female tactical AI voice, clean and intelligent, confident, modern, precise, slightly warm, medium-fast pace, excellent Russian diction.",RA4_Design_v2,false,Approved,Faction=AL;Event=MATCH_VICTORY;Variant=02
AL,EVA_AL_ASTRA,MATCH_DEFEAT,01,Rare,1,0.0,CG_MatchFlow,NeverInterrupt,Поражение,Сеть управления разрушена. Операция прекращена.,Сеть управления разрушена. Операция прекращена.,Restrained,Measured,Critical,"Professional female tactical AI voice, clean and intelligent, confident, modern, precise, slightly warm, medium-fast pace, excellent Russian diction.",RA4_Bible_v2,true,Approved,Faction=AL;Event=MATCH_DEFEAT;Variant=01
AL,EVA_AL_ASTRA,MATCH_DEFEAT,02,Rare,1,0.0,CG_MatchFlow,NeverInterrupt,Поражение,Системы связи отключены. Потеря критического контроля.,Системы связи отключены. Потеря критического контроля.,Restrained,Measured,Critical,"Professional female tactical AI voice, clean and intelligent, confident, modern, precise, slightly warm, medium-fast pace, excellent Russian diction.",RA4_Design_v2,false,Approved,Faction=AL;Event=MATCH_DEFEAT;Variant=02
AL,EVA_AL_ASTRA,COMMAND_CENTER_DESTROYED,01,Rare,1,0.0,CG_MatchFlow,InterruptImmediate,Главный штаб уничтожен,Главный штаб Альянса уничтожен! Переключаю каналы резерва.,Главный штаб Альянса уничтожен! Переключаю каналы резерва.,Urgent,Fast,Critical,"Professional female tactical AI voice, clean and intelligent, confident, modern, precise, slightly warm, medium-fast pace, excellent Russian diction.",RA4_Design_v2,false,Approved,Faction=AL;Event=COMMAND_CENTER_DESTROYED;Variant=01
AL,EVA_AL_ASTRA,COMMAND_CENTER_DESTROYED,02,Rare,1,0.0,CG_MatchFlow,InterruptImmediate,Главный штаб уничтожен,Критическое разрушение штаба операции!,Критическое разрушение штаба операции!,Urgent,Fast,Critical,"Professional female tactical AI voice, clean and intelligent, confident, modern, precise, slightly warm, medium-fast pace, excellent Russian diction.",RA4_Design_v2,false,Approved,Faction=AL;Event=COMMAND_CENTER_DESTROYED;Variant=02
AL,EVA_AL_ASTRA,MOBILE_COMMAND_UNIT_DESTROYED,01,Rare,1,0.0,CG_MatchFlow,InterruptImmediate,Потеря МКМ,Мобильный командный модуль потерян!,Мобильный командный модуль потерян!,Urgent,Fast,Critical,"Professional female tactical AI voice, clean and intelligent, confident, modern, precise, slightly warm, medium-fast pace, excellent Russian diction.",RA4_Design_v2,false,Approved,Faction=AL;Event=MOBILE_COMMAND_UNIT_DESTROYED;Variant=01
AL,EVA_AL_ASTRA,MOBILE_COMMAND_UNIT_DESTROYED,02,Rare,1,0.0,CG_MatchFlow,InterruptImmediate,Потеря МКМ,Модуль MCV уничтожен. Строительные протоколы прерваны.,Модуль Эм-Си-Ви уничтожен. Строительные протоколы прерваны.,Urgent,Fast,Critical,"Professional female tactical AI voice, clean and intelligent, confident, modern, precise, slightly warm, medium-fast pace, excellent Russian diction.",RA4_Design_v2,false,Approved,Faction=AL;Event=MOBILE_COMMAND_UNIT_DESTROYED;Variant=02
AL,EVA_AL_ASTRA,HERO_LOST,01,Rare,1,0.0,CG_MatchFlow,InterruptImmediate,Гибель Агента Эвелин Харт,Агент Эвелин Харт ликвидирована в бою!,Агент Эвелин Харт ликвидирована в бою!,Urgent,Fast,Critical,"Professional female tactical AI voice, clean and intelligent, confident, modern, precise, slightly warm, medium-fast pace, excellent Russian diction.",RA4_Design_v2,false,Approved,Faction=AL;Event=HERO_LOST;Variant=01
AL,EVA_AL_ASTRA,HERO_LOST,02,Rare,1,0.0,CG_MatchFlow,InterruptImmediate,Гибель Агента Эвелин Харт,Биосигнал агента Харт угас. Герой потерян.,Биосигнал агента Харт угас. Герой потерян.,Restrained,Measured,Critical,"Professional female tactical AI voice, clean and intelligent, confident, modern, precise, slightly warm, medium-fast pace, excellent Russian diction.",RA4_Design_v2,false,Approved,Faction=AL;Event=HERO_LOST;Variant=02
AL,EVA_AL_ASTRA,OWN_SUPERWEAPON_FIRED,01,Rare,1,0.0,CG_Superweapon,InterruptImmediate,Запуск «Зенита»,Орбитальная платформа «Зенит» произвела выстрел!,Орбитальная платформа Зенит произвела выстрел!,Professional,Medium-Fast,Critical,"Professional female tactical AI voice, clean and intelligent, confident, modern, precise, slightly warm, medium-fast pace, excellent Russian diction.",RA4_Design_v2,false,Approved,Faction=AL;Event=OWN_SUPERWEAPON_FIRED;Variant=01
AL,EVA_AL_ASTRA,OWN_SUPERWEAPON_FIRED,02,Rare,1,0.0,CG_Superweapon,InterruptImmediate,Запуск «Зенита»,Кинетический удар с орбиты нанесён по координатам.,Кинетический удар с орбиты нанесён по координатам.,Professional,Medium-Fast,Critical,"Professional female tactical AI voice, clean and intelligent, confident, modern, precise, slightly warm, medium-fast pace, excellent Russian diction.",RA4_Design_v2,false,Approved,Faction=AL;Event=OWN_SUPERWEAPON_FIRED;Variant=02
AL,EVA_AL_ASTRA,ENEMY_SUPERWEAPON_FIRED,01,Rare,1,0.0,CG_Superweapon,InterruptImmediate,Угроза супероружия врага,Стратегическая угроза подтверждена. Идёт расчёт траектории.,Стратегическая угроза подтверждена. Идёт расчёт траектории.,Urgent,Fast,Critical,"Professional female tactical AI voice, clean and intelligent, confident, modern, precise, slightly warm, medium-fast pace, excellent Russian diction.",RA4_Bible_v2,true,Approved,Faction=AL;Event=ENEMY_SUPERWEAPON_FIRED;Variant=01
AL,EVA_AL_ASTRA,ENEMY_SUPERWEAPON_FIRED,02,Rare,1,0.0,CG_Superweapon,InterruptImmediate,Угроза супероружия врага,Фиксация пуска вражеского супероружия! Приготовиться к удару!,Фиксация пуска вражеского супероружия! Приготовиться к удару!,Urgent,Fast,Critical,"Professional female tactical AI voice, clean and intelligent, confident, modern, precise, slightly warm, medium-fast pace, excellent Russian diction.",RA4_Design_v2,false,Approved,Faction=AL;Event=ENEMY_SUPERWEAPON_FIRED;Variant=02
AL,EVA_AL_ASTRA,FACTION_RESOURCE_MAX,01,Rare,2,15.0,CG_Intel,Queue,Разведданные 100%,Полный пакет разведданных сформирован.,Полный пакет разведданных сформирован.,Professional,Medium-Fast,High,"Professional female tactical AI voice, clean and intelligent, confident, modern, precise, slightly warm, medium-fast pace, excellent Russian diction.",RA4_Bible_v2,true,Approved,Faction=AL;Event=FACTION_RESOURCE_MAX;Variant=01
AL,EVA_AL_ASTRA,FACTION_RESOURCE_MAX,02,Rare,2,15.0,CG_Intel,Queue,Разведданные 100%,Шкала разведданных достигла 100%. Доступны точечные сканы.,Шкала разведданных достигла ста процентов. Доступны точечные сканы.,Professional,Medium-Fast,High,"Professional female tactical AI voice, clean and intelligent, confident, modern, precise, slightly warm, medium-fast pace, excellent Russian diction.",RA4_Design_v2,false,Approved,Faction=AL;Event=FACTION_RESOURCE_MAX;Variant=02
AL,EVA_AL_ASTRA,BUILDING_UNDER_ATTACK,01,Standard,2,5.0,CG_CombatAlert,DropIfBusy,Повреждение структуры,Вспомогательный модуль под огнём противника.,Вспомогательный модуль под огнём противника.,Professional,Medium-Fast,Medium,"Professional female tactical AI voice, clean and intelligent, confident, modern, precise, slightly warm, medium-fast pace, excellent Russian diction.",RA4_Design_v2,false,Approved,Faction=AL;Event=BUILDING_UNDER_ATTACK;Variant=01
AL,EVA_AL_ASTRA,BUILDING_UNDER_ATTACK,02,Standard,2,5.0,CG_CombatAlert,DropIfBusy,Повреждение структуры,Обнаружены повреждения нашего строения.,Обнаружены повреждения нашего строения.,Professional,Medium-Fast,Medium,"Professional female tactical AI voice, clean and intelligent, confident, modern, precise, slightly warm, medium-fast pace, excellent Russian diction.",RA4_Design_v2,false,Approved,Faction=AL;Event=BUILDING_UNDER_ATTACK;Variant=02
AL,EVA_AL_ASTRA,BUILDING_UNDER_ATTACK,03,Standard,2,5.0,CG_CombatAlert,DropIfBusy,Повреждение структуры,Враг атакует внешние постройки базы.,Враг атакует внешние постройки базы.,Professional,Medium-Fast,Medium,"Professional female tactical AI voice, clean and intelligent, confident, modern, precise, slightly warm, medium-fast pace, excellent Russian diction.",RA4_Design_v2,false,Approved,Faction=AL;Event=BUILDING_UNDER_ATTACK;Variant=03
AL,EVA_AL_ASTRA,STRUCTURE_SOLD,01,Standard,3,2.0,CG_Production,Queue,Продажа здания,Модуль успешно демонтирован.,Модуль успешно демонтирован.,Professional,Medium-Fast,Medium,"Professional female tactical AI voice, clean and intelligent, confident, modern, precise, slightly warm, medium-fast pace, excellent Russian diction.",RA4_Design_v2,false,Approved,Faction=AL;Event=STRUCTURE_SOLD;Variant=01
AL,EVA_AL_ASTRA,STRUCTURE_SOLD,02,Standard,3,2.0,CG_Production,Queue,Продажа здания,Здание продано. Кредиты зачислены.,Здание продано. Кредиты зачислены.,Professional,Medium-Fast,Medium,"Professional female tactical AI voice, clean and intelligent, confident, modern, precise, slightly warm, medium-fast pace, excellent Russian diction.",RA4_Design_v2,false,Approved,Faction=AL;Event=STRUCTURE_SOLD;Variant=02
AL,EVA_AL_ASTRA,STRUCTURE_SOLD,03,Standard,3,2.0,CG_Production,Queue,Продажа здания,Утилизация структуры завершена.,Утилизация структуры завершена.,Professional,Medium-Fast,Medium,"Professional female tactical AI voice, clean and intelligent, confident, modern, precise, slightly warm, medium-fast pace, excellent Russian diction.",RA4_Design_v2,false,Approved,Faction=AL;Event=STRUCTURE_SOLD;Variant=03
AL,EVA_AL_ASTRA,CONSTRUCTION_CANCELLED,01,Standard,3,2.0,CG_Production,Queue,Отмена постройки,Развёртывание модуля отменено.,Развёртывание модуля отменено.,Professional,Medium-Fast,Medium,"Professional female tactical AI voice, clean and intelligent, confident, modern, precise, slightly warm, medium-fast pace, excellent Russian diction.",RA4_Design_v2,false,Approved,Faction=AL;Event=CONSTRUCTION_CANCELLED;Variant=01
AL,EVA_AL_ASTRA,CONSTRUCTION_CANCELLED,02,Standard,3,2.0,CG_Production,Queue,Отмена постройки,Запрос на постройку отозван.,Запрос на постройку отозван.,Professional,Medium-Fast,Medium,"Professional female tactical AI voice, clean and intelligent, confident, modern, precise, slightly warm, medium-fast pace, excellent Russian diction.",RA4_Design_v2,false,Approved,Faction=AL;Event=CONSTRUCTION_CANCELLED;Variant=02
AL,EVA_AL_ASTRA,CONSTRUCTION_CANCELLED,03,Standard,3,2.0,CG_Production,Queue,Отмена постройки,Строительный протокол аннулирован.,Строительный протокол аннулирован.,Professional,Medium-Fast,Medium,"Professional female tactical AI voice, clean and intelligent, confident, modern, precise, slightly warm, medium-fast pace, excellent Russian diction.",RA4_Design_v2,false,Approved,Faction=AL;Event=CONSTRUCTION_CANCELLED;Variant=03
AL,EVA_AL_ASTRA,UPGRADE_COMPLETE,01,Standard,3,3.0,CG_Production,Queue,Исследование завершено,Технологическое улучшение завершено.,Технологическое улучшение завершено.,Professional,Medium-Fast,Medium,"Professional female tactical AI voice, clean and intelligent, confident, modern, precise, slightly warm, medium-fast pace, excellent Russian diction.",RA4_Design_v2,false,Approved,Faction=AL;Event=UPGRADE_COMPLETE;Variant=01
AL,EVA_AL_ASTRA,UPGRADE_COMPLETE,02,Standard,3,3.0,CG_Production,Queue,Исследование завершено,Лаборатория прикладной физики внедрила новый протокол.,Лаборатория прикладной физики внедрила новый протокол.,Professional,Medium-Fast,Medium,"Professional female tactical AI voice, clean and intelligent, confident, modern, precise, slightly warm, medium-fast pace, excellent Russian diction.",RA4_Design_v2,false,Approved,Faction=AL;Event=UPGRADE_COMPLETE;Variant=02
AL,EVA_AL_ASTRA,UPGRADE_COMPLETE,03,Standard,3,3.0,CG_Production,Queue,Исследование завершено,Апгрейд завершён. Доступны новые параметры.,Апгрейд завершён. Доступны новые параметры.,Professional,Medium-Fast,Medium,"Professional female tactical AI voice, clean and intelligent, confident, modern, precise, slightly warm, medium-fast pace, excellent Russian diction.",RA4_Design_v2,false,Approved,Faction=AL;Event=UPGRADE_COMPLETE;Variant=03
AL,EVA_AL_ASTRA,SUPERWEAPON_READY,01,Standard,1,0.0,CG_Superweapon,InterruptImmediate,Готовность «Зенита» / «Хроноэвакуации»,Орбитальная платформа «Зенит» готова к стрельбе!,Орбитальная платформа Зенит готова к стрельбе!,Professional,Medium-Fast,High,"Professional female tactical AI voice, clean and intelligent, confident, modern, precise, slightly warm, medium-fast pace, excellent Russian diction.",RA4_Design_v2,false,Approved,Faction=AL;Event=SUPERWEAPON_READY;Variant=01
AL,EVA_AL_ASTRA,SUPERWEAPON_READY,02,Standard,1,0.0,CG_Superweapon,InterruptImmediate,Готовность «Зенита» / «Хроноэвакуации»,Сеть «Хроноэвакуация» откалибрована.,Сеть Хроноэвакуация откалибрована.,Professional,Medium-Fast,High,"Professional female tactical AI voice, clean and intelligent, confident, modern, precise, slightly warm, medium-fast pace, excellent Russian diction.",RA4_Design_v2,false,Approved,Faction=AL;Event=SUPERWEAPON_READY;Variant=02
AL,EVA_AL_ASTRA,SUPERWEAPON_READY,03,Standard,1,0.0,CG_Superweapon,InterruptImmediate,Готовность «Зенита» / «Хроноэвакуации»,Стратегический комплекс Альянса готов.,Стратегический комплекс Альянса готов.,Professional,Medium-Fast,High,"Professional female tactical AI voice, clean and intelligent, confident, modern, precise, slightly warm, medium-fast pace, excellent Russian diction.",RA4_Design_v2,false,Approved,Faction=AL;Event=SUPERWEAPON_READY;Variant=03
AL,EVA_AL_ASTRA,SUPERWEAPON_COUNTDOWN_STARTED,01,Standard,1,0.0,CG_Superweapon,InterruptImmediate,Отсчёт до удара,Запущен таймер стратегической угрозы противника!,Запущен таймер стратегической угрозы противника!,Urgent,Fast,High,"Professional female tactical AI voice, clean and intelligent, confident, modern, precise, slightly warm, medium-fast pace, excellent Russian diction.",RA4_Design_v2,false,Approved,Faction=AL;Event=SUPERWEAPON_COUNTDOWN_STARTED;Variant=01
AL,EVA_AL_ASTRA,SUPERWEAPON_COUNTDOWN_STARTED,02,Standard,1,0.0,CG_Superweapon,InterruptImmediate,Отсчёт до удара,Отсчет времени до вражеского удара активирован.,Отсчет времени до вражеского удара активирован.,Urgent,Fast,High,"Professional female tactical AI voice, clean and intelligent, confident, modern, precise, slightly warm, medium-fast pace, excellent Russian diction.",RA4_Design_v2,false,Approved,Faction=AL;Event=SUPERWEAPON_COUNTDOWN_STARTED;Variant=02
AL,EVA_AL_ASTRA,SUPERWEAPON_COUNTDOWN_STARTED,03,Standard,1,0.0,CG_Superweapon,InterruptImmediate,Отсчёт до удара,Внимание: отсчёт супероружия врага начался.,Внимание: отсчёт супероружия врага начался.,Urgent,Fast,High,"Professional female tactical AI voice, clean and intelligent, confident, modern, precise, slightly warm, medium-fast pace, excellent Russian diction.",RA4_Design_v2,false,Approved,Faction=AL;Event=SUPERWEAPON_COUNTDOWN_STARTED;Variant=03
AL,EVA_AL_ASTRA,FACTION_ABILITY_READY,01,Standard,3,5.0,CG_Intel,Queue,Тактический скан готов,Тактическое сканирование доступно.,Тактическое сканирование доступно.,Professional,Medium-Fast,Medium,"Professional female tactical AI voice, clean and intelligent, confident, modern, precise, slightly warm, medium-fast pace, excellent Russian diction.",RA4_Design_v2,false,Approved,Faction=AL;Event=FACTION_ABILITY_READY;Variant=01
AL,EVA_AL_ASTRA,FACTION_ABILITY_READY,02,Standard,3,5.0,CG_Intel,Queue,Тактический скан готов,Орбитальный взлом готов к активации.,Орбитальный взлом готов к активации.,Professional,Medium-Fast,Medium,"Professional female tactical AI voice, clean and intelligent, confident, modern, precise, slightly warm, medium-fast pace, excellent Russian diction.",RA4_Design_v2,false,Approved,Faction=AL;Event=FACTION_ABILITY_READY;Variant=02
AL,EVA_AL_ASTRA,FACTION_ABILITY_READY,03,Standard,3,5.0,CG_Intel,Queue,Тактический скан готов,Разведспособность готовая к использованию.,Разведспособность готовая к использованию.,Professional,Medium-Fast,Medium,"Professional female tactical AI voice, clean and intelligent, confident, modern, precise, slightly warm, medium-fast pace, excellent Russian diction.",RA4_Design_v2,false,Approved,Faction=AL;Event=FACTION_ABILITY_READY;Variant=03
AL,EVA_AL_ASTRA,FACTION_ABILITY_ACTIVATED,01,Standard,2,3.0,CG_Intel,Queue,Активация способности,Тактический скан местности активирован.,Тактический скан местности активирован.,Professional,Medium-Fast,High,"Professional female tactical AI voice, clean and intelligent, confident, modern, precise, slightly warm, medium-fast pace, excellent Russian diction.",RA4_Design_v2,false,Approved,Faction=AL;Event=FACTION_ABILITY_ACTIVATED;Variant=01
AL,EVA_AL_ASTRA,FACTION_ABILITY_ACTIVATED,02,Standard,2,3.0,CG_Intel,Queue,Активация способности,Орбитальный импульс применён.,Орбитальный импульс применён.,Professional,Medium-Fast,High,"Professional female tactical AI voice, clean and intelligent, confident, modern, precise, slightly warm, medium-fast pace, excellent Russian diction.",RA4_Design_v2,false,Approved,Faction=AL;Event=FACTION_ABILITY_ACTIVATED;Variant=02
AL,EVA_AL_ASTRA,FACTION_ABILITY_ACTIVATED,03,Standard,2,3.0,CG_Intel,Queue,Активация способности,Передача данных высокой точности выполнена.,Передача данных высокой точности выполнена.,Professional,Medium-Fast,High,"Professional female tactical AI voice, clean and intelligent, confident, modern, precise, slightly warm, medium-fast pace, excellent Russian diction.",RA4_Design_v2,false,Approved,Faction=AL;Event=FACTION_ABILITY_ACTIVATED;Variant=03
AL,EVA_AL_ASTRA,ALLIED_BASE_UNDER_ATTACK,01,Standard,2,6.0,CG_CombatAlert,InterruptImmediate,Союзник под огнём,Инфраструктура союзника подверглась нападению.,Инфраструктура союзника подверглась нападению.,Urgent,Fast,High,"Professional female tactical AI voice, clean and intelligent, confident, modern, precise, slightly warm, medium-fast pace, excellent Russian diction.",RA4_Design_v2,false,Approved,Faction=AL;Event=ALLIED_BASE_UNDER_ATTACK;Variant=01
AL,EVA_AL_ASTRA,ALLIED_BASE_UNDER_ATTACK,02,Standard,2,6.0,CG_CombatAlert,InterruptImmediate,Союзник под огнём,Союзный сектор под интенсивным огнём.,Союзный сектор под интенсивным огнём.,Urgent,Fast,High,"Professional female tactical AI voice, clean and intelligent, confident, modern, precise, slightly warm, medium-fast pace, excellent Russian diction.",RA4_Design_v2,false,Approved,Faction=AL;Event=ALLIED_BASE_UNDER_ATTACK;Variant=02
AL,EVA_AL_ASTRA,ALLIED_BASE_UNDER_ATTACK,03,Standard,2,6.0,CG_CombatAlert,InterruptImmediate,Союзник под огнём,Зафиксирован прорыв периметра базы союзника.,Зафиксирован прорыв периметра базы союзника.,Urgent,Fast,High,"Professional female tactical AI voice, clean and intelligent, confident, modern, precise, slightly warm, medium-fast pace, excellent Russian diction.",RA4_Design_v2,false,Approved,Faction=AL;Event=ALLIED_BASE_UNDER_ATTACK;Variant=03
AL,EVA_AL_ASTRA,RADAR_OFFLINE,01,Standard,2,5.0,CG_Intel,InterruptImmediate,Потеря Разведывательного центра,Разведывательный центр отключен! Данные не поступают.,Разведывательный центр отключен! Данные не поступают.,Urgent,Fast,High,"Professional female tactical AI voice, clean and intelligent, confident, modern, precise, slightly warm, medium-fast pace, excellent Russian diction.",RA4_Design_v2,false,Approved,Faction=AL;Event=RADAR_OFFLINE;Variant=01
AL,EVA_AL_ASTRA,RADAR_OFFLINE,02,Standard,2,5.0,CG_Intel,InterruptImmediate,Потеря Разведывательного центра,Потеряна связь с тактическим радаром.,Потеряна связь с тактическим радаром.,Urgent,Fast,High,"Professional female tactical AI voice, clean and intelligent, confident, modern, precise, slightly warm, medium-fast pace, excellent Russian diction.",RA4_Design_v2,false,Approved,Faction=AL;Event=RADAR_OFFLINE;Variant=02
AL,EVA_AL_ASTRA,RADAR_OFFLINE,03,Standard,2,5.0,CG_Intel,InterruptImmediate,Потеря Разведывательного центра,Сканирование местности приостановлено из-за аварии.,Сканирование местности приостановлено из-за аварии.,Urgent,Fast,High,"Professional female tactical AI voice, clean and intelligent, confident, modern, precise, slightly warm, medium-fast pace, excellent Russian diction.",RA4_Design_v2,false,Approved,Faction=AL;Event=RADAR_OFFLINE;Variant=03
AL,EVA_AL_ASTRA,RESOURCES_DEPLETED,01,Standard,3,10.0,CG_Economy,DropIfBusy,Истощение ресурса,Рудный источник полностью исчерпан.,Рудный источник полностью исчерпан.,Professional,Medium-Fast,Medium,"Professional female tactical AI voice, clean and intelligent, confident, modern, precise, slightly warm, medium-fast pace, excellent Russian diction.",RA4_Design_v2,false,Approved,Faction=AL;Event=RESOURCES_DEPLETED;Variant=01
AL,EVA_AL_ASTRA,RESOURCES_DEPLETED,02,Standard,3,10.0,CG_Economy,DropIfBusy,Истощение ресурса,Добыча прекращена: месторождение истощено.,Добыча прекращена: месторождение истощено.,Professional,Medium-Fast,Medium,"Professional female tactical AI voice, clean and intelligent, confident, modern, precise, slightly warm, medium-fast pace, excellent Russian diction.",RA4_Design_v2,false,Approved,Faction=AL;Event=RESOURCES_DEPLETED;Variant=02
AL,EVA_AL_ASTRA,RESOURCES_DEPLETED,03,Standard,3,10.0,CG_Economy,DropIfBusy,Истощение ресурса,Переместите Pioneer Harvester на новое месторождение.,Переместите Пайонир Харвестер на новое месторождение.,Professional,Medium-Fast,Medium,"Professional female tactical AI voice, clean and intelligent, confident, modern, precise, slightly warm, medium-fast pace, excellent Russian diction.",RA4_Design_v2,false,Approved,Faction=AL;Event=RESOURCES_DEPLETED;Variant=03
CO,EVA_CO_HARMONIA,UNIT_READY_GENERIC,01,Frequent,3,2.0,CG_Production,Queue,Новое звено вступило в строй,Новое звено вступило в строй.,Новое звено вступило в строй.,Serene,Measured,Medium,"Calm disciplined female strategic command voice, elegant and precise, controlled emotion, measured pace, subtle authority, clear standard Russian.",RA4_Bible_v2,true,Approved,Faction=CO;Event=UNIT_READY_GENERIC;Variant=01
CO,EVA_CO_HARMONIA,UNIT_READY_GENERIC,02,Frequent,3,2.0,CG_Production,Queue,Новое звено вступило в строй,Единица синхронизирована с гармонической сетью.,Единица синхронизирована с гармонической сетью.,Serene,Measured,Medium,"Calm disciplined female strategic command voice, elegant and precise, controlled emotion, measured pace, subtle authority, clear standard Russian.",RA4_Design_v2,false,Approved,Faction=CO;Event=UNIT_READY_GENERIC;Variant=02
CO,EVA_CO_HARMONIA,UNIT_READY_GENERIC,03,Frequent,3,2.0,CG_Production,Queue,Новое звено вступило в строй,Боевая структура сформирована.,Боевая структура сформирована.,Serene,Measured,Medium,"Calm disciplined female strategic command voice, elegant and precise, controlled emotion, measured pace, subtle authority, clear standard Russian.",RA4_Design_v2,false,Approved,Faction=CO;Event=UNIT_READY_GENERIC;Variant=03
CO,EVA_CO_HARMONIA,UNIT_READY_GENERIC,04,Frequent,3,2.0,CG_Production,Queue,Новое звено вступило в строй,Подразделение подключено к общей цепи.,Подразделение подключено к общей цепи.,Serene,Measured,Medium,"Calm disciplined female strategic command voice, elegant and precise, controlled emotion, measured pace, subtle authority, clear standard Russian.",RA4_Design_v2,false,Approved,Faction=CO;Event=UNIT_READY_GENERIC;Variant=04
CO,EVA_CO_HARMONIA,INFANTRY_READY,01,Frequent,3,2.0,CG_Production,Queue,Пехота подготовлена,Пехотный отряд готов поддержать строй.,Пехотный отряд готов поддержать строй.,Serene,Measured,Medium,"Calm disciplined female strategic command voice, elegant and precise, controlled emotion, measured pace, subtle authority, clear standard Russian.",RA4_Design_v2,false,Approved,Faction=CO;Event=INFANTRY_READY;Variant=01
CO,EVA_CO_HARMONIA,INFANTRY_READY,02,Frequent,3,2.0,CG_Production,Queue,Пехота подготовлена,Стрелки «Цяньвэй» готовы к бою.,Стрелки Цяньвэй готовы к бою.,Serene,Measured,Medium,"Calm disciplined female strategic command voice, elegant and precise, controlled emotion, measured pace, subtle authority, clear standard Russian.",RA4_Design_v2,false,Approved,Faction=CO;Event=INFANTRY_READY;Variant=02
CO,EVA_CO_HARMONIA,INFANTRY_READY,03,Frequent,3,2.0,CG_Production,Queue,Пехота подготовлена,Дисциплинированный отряд заступил на службу.,Дисциплинированный отряд заступил на службу.,Serene,Measured,Medium,"Calm disciplined female strategic command voice, elegant and precise, controlled emotion, measured pace, subtle authority, clear standard Russian.",RA4_Design_v2,false,Approved,Faction=CO;Event=INFANTRY_READY;Variant=03
CO,EVA_CO_HARMONIA,INFANTRY_READY,04,Frequent,3,2.0,CG_Production,Queue,Пехота подготовлена,Защитники гармонии заняли исходные позиции.,Защитники гармонии заняли исходные позиции.,Serene,Measured,Medium,"Calm disciplined female strategic command voice, elegant and precise, controlled emotion, measured pace, subtle authority, clear standard Russian.",RA4_Design_v2,false,Approved,Faction=CO;Event=INFANTRY_READY;Variant=04
CO,EVA_CO_HARMONIA,VEHICLE_READY,01,Frequent,3,2.0,CG_Production,Queue,Бронетехника готова,Тяжелое звено техники вышло из цеха.,Тяжелое звено техники вышло из цеха.,Serene,Measured,Medium,"Calm disciplined female strategic command voice, elegant and precise, controlled emotion, measured pace, subtle authority, clear standard Russian.",RA4_Design_v2,false,Approved,Faction=CO;Event=VEHICLE_READY;Variant=01
CO,EVA_CO_HARMONIA,VEHICLE_READY,02,Frequent,3,2.0,CG_Production,Queue,Бронетехника готова,Основной танк «Цинлун» готов к выдвижению.,Основной танк Цинлун готов к выдвижению.,Serene,Measured,Medium,"Calm disciplined female strategic command voice, elegant and precise, controlled emotion, measured pace, subtle authority, clear standard Russian.",RA4_Design_v2,false,Approved,Faction=CO;Event=VEHICLE_READY;Variant=02
CO,EVA_CO_HARMONIA,VEHICLE_READY,03,Frequent,3,2.0,CG_Production,Queue,Бронетехника готова,Разведшагоход «Камакири» принят эскадроном.,Разведшагоход Камакири принят эскадроном.,Serene,Measured,Medium,"Calm disciplined female strategic command voice, elegant and precise, controlled emotion, measured pace, subtle authority, clear standard Russian.",RA4_Design_v2,false,Approved,Faction=CO;Event=VEHICLE_READY;Variant=03
CO,EVA_CO_HARMONIA,VEHICLE_READY,04,Frequent,3,2.0,CG_Production,Queue,Бронетехника готова,Мобильная крепость «Тяньмэнь» подготовлена.,Мобильная крепость Тяньмэнь подготовлена.,Serene,Measured,Medium,"Calm disciplined female strategic command voice, elegant and precise, controlled emotion, measured pace, subtle authority, clear standard Russian.",RA4_Design_v2,false,Approved,Faction=CO;Event=VEHICLE_READY;Variant=04
CO,EVA_CO_HARMONIA,AIRCRAFT_READY,01,Frequent,3,2.0,CG_Production,Queue,Авиазвено готово,Воздушное звено поднялось на патрулирование.,Воздушное звено поднялось на патрулирование.,Serene,Measured,Medium,"Calm disciplined female strategic command voice, elegant and precise, controlled emotion, measured pace, subtle authority, clear standard Russian.",RA4_Design_v2,false,Approved,Faction=CO;Event=AIRCRAFT_READY;Variant=01
CO,EVA_CO_HARMONIA,AIRCRAFT_READY,02,Frequent,3,2.0,CG_Production,Queue,Авиазвено готово,Дрон «Кавасэми» запущен в автономный полет.,Дрон Кавасэми запущен в автономный полет.,Serene,Measured,Medium,"Calm disciplined female strategic command voice, elegant and precise, controlled emotion, measured pace, subtle authority, clear standard Russian.",RA4_Design_v2,false,Approved,Faction=CO;Event=AIRCRAFT_READY;Variant=02
CO,EVA_CO_HARMONIA,AIRCRAFT_READY,03,Frequent,3,2.0,CG_Production,Queue,Авиазвено готово,Штурмовик «Лэйхэ» готов к нанесению удара.,Штурмовик Лэйхэ готов к нанесению удара.,Serene,Measured,Medium,"Calm disciplined female strategic command voice, elegant and precise, controlled emotion, measured pace, subtle authority, clear standard Russian.",RA4_Design_v2,false,Approved,Faction=CO;Event=AIRCRAFT_READY;Variant=03
CO,EVA_CO_HARMONIA,AIRCRAFT_READY,04,Frequent,3,2.0,CG_Production,Queue,Авиазвено готово,Бомбардировщик «Агнипакша» на взлётной полосе.,Бомбардировщик Агнипакша на взлётной полосе.,Serene,Measured,Medium,"Calm disciplined female strategic command voice, elegant and precise, controlled emotion, measured pace, subtle authority, clear standard Russian.",RA4_Design_v2,false,Approved,Faction=CO;Event=AIRCRAFT_READY;Variant=04
CO,EVA_CO_HARMONIA,NAVAL_UNIT_READY,01,Frequent,3,2.0,CG_Production,Queue,Морской узел готов,Морской узел вошел в акваторию.,Морской узел вошел в акваторию.,Serene,Measured,Medium,"Calm disciplined female strategic command voice, elegant and precise, controlled emotion, measured pace, subtle authority, clear standard Russian.",RA4_Design_v2,false,Approved,Faction=CO;Event=NAVAL_UNIT_READY;Variant=01
CO,EVA_CO_HARMONIA,NAVAL_UNIT_READY,02,Frequent,3,2.0,CG_Production,Queue,Морской узел готов,Рельсовый крейсер «Сюаньу» спущен на воду.,Рельсовый крейсер Сюаньу спущен на воду.,Serene,Measured,Medium,"Calm disciplined female strategic command voice, elegant and precise, controlled emotion, measured pace, subtle authority, clear standard Russian.",RA4_Design_v2,false,Approved,Faction=CO;Event=NAVAL_UNIT_READY;Variant=02
CO,EVA_CO_HARMONIA,NAVAL_UNIT_READY,03,Frequent,3,2.0,CG_Production,Queue,Морской узел готов,Подводный авианосец «Самудра» занял глубину.,Подводный авианосец Самудра занял глубину.,Serene,Measured,Medium,"Calm disciplined female strategic command voice, elegant and precise, controlled emotion, measured pace, subtle authority, clear standard Russian.",RA4_Design_v2,false,Approved,Faction=CO;Event=NAVAL_UNIT_READY;Variant=03
CO,EVA_CO_HARMONIA,NAVAL_UNIT_READY,04,Frequent,3,2.0,CG_Production,Queue,Морской узел готов,Корвет «Кадзэкири» присоединён к флоту.,Корвет Кадзэкири присоединён к флоту.,Serene,Measured,Medium,"Calm disciplined female strategic command voice, elegant and precise, controlled emotion, measured pace, subtle authority, clear standard Russian.",RA4_Design_v2,false,Approved,Faction=CO;Event=NAVAL_UNIT_READY;Variant=04
CO,EVA_CO_HARMONIA,CONSTRUCTION_COMPLETE,01,Frequent,3,2.0,CG_Production,Queue,Узел построен,Строительство узла завершено.,Строительство узла завершено.,Serene,Measured,Medium,"Calm disciplined female strategic command voice, elegant and precise, controlled emotion, measured pace, subtle authority, clear standard Russian.",RA4_Design_v2,false,Approved,Faction=CO;Event=CONSTRUCTION_COMPLETE;Variant=01
CO,EVA_CO_HARMONIA,CONSTRUCTION_COMPLETE,02,Frequent,3,2.0,CG_Production,Queue,Узел построен,Новая структура интегрирована в сеть.,Новая структура интегрирована в сеть.,Serene,Measured,Medium,"Calm disciplined female strategic command voice, elegant and precise, controlled emotion, measured pace, subtle authority, clear standard Russian.",RA4_Design_v2,false,Approved,Faction=CO;Event=CONSTRUCTION_COMPLETE;Variant=02
CO,EVA_CO_HARMONIA,CONSTRUCTION_COMPLETE,03,Frequent,3,2.0,CG_Production,Queue,Узел построен,Гармонический модуль введён в действие.,Гармонический модуль введён в действие.,Serene,Measured,Medium,"Calm disciplined female strategic command voice, elegant and precise, controlled emotion, measured pace, subtle authority, clear standard Russian.",RA4_Design_v2,false,Approved,Faction=CO;Event=CONSTRUCTION_COMPLETE;Variant=03
CO,EVA_CO_HARMONIA,CONSTRUCTION_COMPLETE,04,Frequent,3,2.0,CG_Production,Queue,Узел построен,Архитектурный узел установлен.,Архитектурный узел установлен.,Serene,Measured,Medium,"Calm disciplined female strategic command voice, elegant and precise, controlled emotion, measured pace, subtle authority, clear standard Russian.",RA4_Design_v2,false,Approved,Faction=CO;Event=CONSTRUCTION_COMPLETE;Variant=04
CO,EVA_CO_HARMONIA,INSUFFICIENT_FUNDS,01,Frequent,3,10.0,CG_Economy,DropIfBusy,Нехватка ресурсов «Юань»,Недостаточно ресурсов для сохранения баланса.,Недостаточно ресурсов для сохранения баланса.,Serene,Measured,Medium,"Calm disciplined female strategic command voice, elegant and precise, controlled emotion, measured pace, subtle authority, clear standard Russian.",RA4_Design_v2,false,Approved,Faction=CO;Event=INSUFFICIENT_FUNDS;Variant=01
CO,EVA_CO_HARMONIA,INSUFFICIENT_FUNDS,02,Frequent,3,10.0,CG_Economy,DropIfBusy,Нехватка ресурсов «Юань»,Ресурсный резерв истощен. Пополните запасы.,Ресурсный резерв истощен. Пополните запасы.,Serene,Measured,Medium,"Calm disciplined female strategic command voice, elegant and precise, controlled emotion, measured pace, subtle authority, clear standard Russian.",RA4_Design_v2,false,Approved,Faction=CO;Event=INSUFFICIENT_FUNDS;Variant=02
CO,EVA_CO_HARMONIA,INSUFFICIENT_FUNDS,03,Frequent,3,10.0,CG_Economy,DropIfBusy,Нехватка ресурсов «Юань»,Синтез приостановлен: нехватка юаней.,Синтез приостановлен: нехватка юаней.,Serene,Measured,Medium,"Calm disciplined female strategic command voice, elegant and precise, controlled emotion, measured pace, subtle authority, clear standard Russian.",RA4_Design_v2,false,Approved,Faction=CO;Event=INSUFFICIENT_FUNDS;Variant=03
CO,EVA_CO_HARMONIA,INSUFFICIENT_FUNDS,04,Frequent,3,10.0,CG_Economy,DropIfBusy,Нехватка ресурсов «Юань»,Строительный протокол требует дополнительных затрат.,Строительный протокол требует дополнительных затрат.,Serene,Measured,Medium,"Calm disciplined female strategic command voice, elegant and precise, controlled emotion, measured pace, subtle authority, clear standard Russian.",RA4_Design_v2,false,Approved,Faction=CO;Event=INSUFFICIENT_FUNDS;Variant=04
CO,EVA_CO_HARMONIA,BASE_UNDER_ATTACK,01,Frequent,2,5.0,CG_CombatAlert,InterruptImmediate,Нарушение целостности сети,Противник нарушает целостность нашей сети.,Противник нарушает целостность нашей сети.,Controlled,Measured,High,"Calm disciplined female strategic command voice, elegant and precise, controlled emotion, measured pace, subtle authority, clear standard Russian.",RA4_Bible_v2,true,Approved,Faction=CO;Event=BASE_UNDER_ATTACK;Variant=01
CO,EVA_CO_HARMONIA,BASE_UNDER_ATTACK,02,Frequent,2,5.0,CG_CombatAlert,InterruptImmediate,Нарушение целостности сети,Обнаружено деструктивное воздействие на узел базы.,Обнаружено деструктивное воздействие на узел базы.,Controlled,Measured,High,"Calm disciplined female strategic command voice, elegant and precise, controlled emotion, measured pace, subtle authority, clear standard Russian.",RA4_Design_v2,false,Approved,Faction=CO;Event=BASE_UNDER_ATTACK;Variant=02
CO,EVA_CO_HARMONIA,BASE_UNDER_ATTACK,03,Frequent,2,5.0,CG_CombatAlert,InterruptImmediate,Нарушение целостности сети,Внешний контур Командного дворца атакован.,Внешний контур Командного дворца атакован.,Controlled,Measured,High,"Calm disciplined female strategic command voice, elegant and precise, controlled emotion, measured pace, subtle authority, clear standard Russian.",RA4_Design_v2,false,Approved,Faction=CO;Event=BASE_UNDER_ATTACK;Variant=03
CO,EVA_CO_HARMONIA,BASE_UNDER_ATTACK,04,Frequent,2,5.0,CG_CombatAlert,InterruptImmediate,Нарушение целостности сети,Вражеские силы пытаются разорвать построение.,Вражеские силы пытаются разорвать построение.,Controlled,Measured,High,"Calm disciplined female strategic command voice, elegant and precise, controlled emotion, measured pace, subtle authority, clear standard Russian.",RA4_Design_v2,false,Approved,Faction=CO;Event=BASE_UNDER_ATTACK;Variant=04
CO,EVA_CO_HARMONIA,HARVESTER_UNDER_ATTACK,01,Frequent,2,8.0,CG_CombatAlert,InterruptImmediate,Атака на платформу «Юань»,Добывающая платформа «Юань» подверглась атаке!,Добывающая платформа Юань подверглась атаке!,Controlled,Fast,High,"Calm disciplined female strategic command voice, elegant and precise, controlled emotion, measured pace, subtle authority, clear standard Russian.",RA4_Design_v2,false,Approved,Faction=CO;Event=HARVESTER_UNDER_ATTACK;Variant=01
CO,EVA_CO_HARMONIA,HARVESTER_UNDER_ATTACK,02,Frequent,2,8.0,CG_CombatAlert,InterruptImmediate,Атака на платформу «Юань»,Ресурсный собиратель атакован противником.,Ресурсный собиратель атакован противником.,Controlled,Fast,High,"Calm disciplined female strategic command voice, elegant and precise, controlled emotion, measured pace, subtle authority, clear standard Russian.",RA4_Design_v2,false,Approved,Faction=CO;Event=HARVESTER_UNDER_ATTACK;Variant=02
CO,EVA_CO_HARMONIA,HARVESTER_UNDER_ATTACK,03,Frequent,2,8.0,CG_CombatAlert,InterruptImmediate,Атака на платформу «Юань»,Угроза уничтожения узла «Юань».,Угроза уничтожения узла Юань.,Controlled,Fast,High,"Calm disciplined female strategic command voice, elegant and precise, controlled emotion, measured pace, subtle authority, clear standard Russian.",RA4_Design_v2,false,Approved,Faction=CO;Event=HARVESTER_UNDER_ATTACK;Variant=03
CO,EVA_CO_HARMONIA,HARVESTER_UNDER_ATTACK,04,Frequent,2,8.0,CG_CombatAlert,InterruptImmediate,Атака на платформу «Юань»,Восстановите защиту добывающей техники.,Восстановите защиту добывающей техники.,Controlled,Fast,High,"Calm disciplined female strategic command voice, elegant and precise, controlled emotion, measured pace, subtle authority, clear standard Russian.",RA4_Design_v2,false,Approved,Faction=CO;Event=HARVESTER_UNDER_ATTACK;Variant=04
CO,EVA_CO_HARMONIA,POWER_LOW,01,Frequent,2,10.0,CG_Economy,InterruptImmediate,Нестабильность энергосвязей,Энергетические связи нестабильны.,Энергетические связи нестабильны.,Controlled,Measured,High,"Calm disciplined female strategic command voice, elegant and precise, controlled emotion, measured pace, subtle authority, clear standard Russian.",RA4_Bible_v2,true,Approved,Faction=CO;Event=POWER_LOW;Variant=01
CO,EVA_CO_HARMONIA,POWER_LOW,02,Frequent,2,10.0,CG_Economy,InterruptImmediate,Нестабильность энергосвязей,Нарушена гармония энергетической сети.,Нарушена гармония энергетической сети.,Controlled,Measured,High,"Calm disciplined female strategic command voice, elegant and precise, controlled emotion, measured pace, subtle authority, clear standard Russian.",RA4_Design_v2,false,Approved,Faction=CO;Event=POWER_LOW;Variant=02
CO,EVA_CO_HARMONIA,POWER_LOW,03,Frequent,2,10.0,CG_Economy,InterruptImmediate,Нестабильность энергосвязей,Нехватка энергии снижает защитные щиты.,Нехватка энергии снижает защитные щиты.,Controlled,Measured,High,"Calm disciplined female strategic command voice, elegant and precise, controlled emotion, measured pace, subtle authority, clear standard Russian.",RA4_Design_v2,false,Approved,Faction=CO;Event=POWER_LOW;Variant=03
CO,EVA_CO_HARMONIA,POWER_LOW,04,Frequent,2,10.0,CG_Economy,InterruptImmediate,Нестабильность энергосвязей,Восстановите баланс энергогенерации.,Восстановите баланс энергогенерации.,Controlled,Measured,High,"Calm disciplined female strategic command voice, elegant and precise, controlled emotion, measured pace, subtle authority, clear standard Russian.",RA4_Design_v2,false,Approved,Faction=CO;Event=POWER_LOW;Variant=04
CO,EVA_CO_HARMONIA,COMMAND_CAP_REACHED,01,Frequent,3,10.0,CG_Economy,DropIfBusy,Лимит сети исчерпан,Предел емкости гармонической сети достигнут.,Предел емкости гармонической сети достигнут.,Serene,Measured,Medium,"Calm disciplined female strategic command voice, elegant and precise, controlled emotion, measured pace, subtle authority, clear standard Russian.",RA4_Design_v2,false,Approved,Faction=CO;Event=COMMAND_CAP_REACHED;Variant=01
CO,EVA_CO_HARMONIA,COMMAND_CAP_REACHED,02,Frequent,3,10.0,CG_Economy,DropIfBusy,Лимит сети исчерпан,Построение максимально укомплектовано.,Построение максимально укомплектовано.,Serene,Measured,Medium,"Calm disciplined female strategic command voice, elegant and precise, controlled emotion, measured pace, subtle authority, clear standard Russian.",RA4_Design_v2,false,Approved,Faction=CO;Event=COMMAND_CAP_REACHED;Variant=02
CO,EVA_CO_HARMONIA,COMMAND_CAP_REACHED,03,Frequent,3,10.0,CG_Economy,DropIfBusy,Лимит сети исчерпан,Синхронизация новых звеньев невозможно без дополнительных узлов.,Синхронизация новых звеньев невозможно без дополнительных узлов.,Serene,Measured,Medium,"Calm disciplined female strategic command voice, elegant and precise, controlled emotion, measured pace, subtle authority, clear standard Russian.",RA4_Design_v2,false,Approved,Faction=CO;Event=COMMAND_CAP_REACHED;Variant=03
CO,EVA_CO_HARMONIA,COMMAND_CAP_REACHED,04,Frequent,3,10.0,CG_Economy,DropIfBusy,Лимит сети исчерпан,Командный лимит полон.,Командный лимит полон.,Serene,Measured,Medium,"Calm disciplined female strategic command voice, elegant and precise, controlled emotion, measured pace, subtle authority, clear standard Russian.",RA4_Design_v2,false,Approved,Faction=CO;Event=COMMAND_CAP_REACHED;Variant=04
CO,EVA_CO_HARMONIA,STEALTH_UNIT_DETECTED,01,Frequent,2,6.0,CG_Intel,InterruptImmediate,Маскировка противника вскрыта,Скрытый элемент противника обнаружен в сети.,Скрытый элемент противника обнаружен в сети.,Controlled,Fast,High,"Calm disciplined female strategic command voice, elegant and precise, controlled emotion, measured pace, subtle authority, clear standard Russian.",RA4_Design_v2,false,Approved,Faction=CO;Event=STEALTH_UNIT_DETECTED;Variant=01
CO,EVA_CO_HARMONIA,STEALTH_UNIT_DETECTED,02,Frequent,2,6.0,CG_Intel,InterruptImmediate,Маскировка противника вскрыта,Аномальное искажение поля вскрыло невидимую цель.,Аномальное искажение поля вскрыло невидимую цель.,Controlled,Fast,High,"Calm disciplined female strategic command voice, elegant and precise, controlled emotion, measured pace, subtle authority, clear standard Russian.",RA4_Design_v2,false,Approved,Faction=CO;Event=STEALTH_UNIT_DETECTED;Variant=02
CO,EVA_CO_HARMONIA,STEALTH_UNIT_DETECTED,03,Frequent,2,6.0,CG_Intel,InterruptImmediate,Маскировка противника вскрыта,Зафиксирован замаскированный юнит врага.,Зафиксирован замаскированный юнит врага.,Controlled,Fast,High,"Calm disciplined female strategic command voice, elegant and precise, controlled emotion, measured pace, subtle authority, clear standard Russian.",RA4_Design_v2,false,Approved,Faction=CO;Event=STEALTH_UNIT_DETECTED;Variant=03
CO,EVA_CO_HARMONIA,STEALTH_UNIT_DETECTED,04,Frequent,2,6.0,CG_Intel,InterruptImmediate,Маскировка противника вскрыта,Стелс-проникновение зафиксировано.,Стелс-проникновение зафиксировано.,Controlled,Fast,High,"Calm disciplined female strategic command voice, elegant and precise, controlled emotion, measured pace, subtle authority, clear standard Russian.",RA4_Design_v2,false,Approved,Faction=CO;Event=STEALTH_UNIT_DETECTED;Variant=04
CO,EVA_CO_HARMONIA,MATCH_START,01,Rare,1,0.0,CG_MatchFlow,NeverInterrupt,Старт матча,Командный дворец соединён с сетью. Гармония установлена.,Командный дворец соединён с сетью. Гармония установлена.,Serene,Measured,Critical,"Calm disciplined female strategic command voice, elegant and precise, controlled emotion, measured pace, subtle authority, clear standard Russian.",RA4_Bible_v2,true,Approved,Faction=CO;Event=MATCH_START;Variant=01
CO,EVA_CO_HARMONIA,MATCH_START,02,Rare,1,0.0,CG_MatchFlow,NeverInterrupt,Старт матча,ИИ Гармония активирован. Все узлы приведены в готовность.,ИИ Гармония активирован. Все узлы приведены в готовность.,Serene,Measured,Critical,"Calm disciplined female strategic command voice, elegant and precise, controlled emotion, measured pace, subtle authority, clear standard Russian.",RA4_Design_v2,false,Approved,Faction=CO;Event=MATCH_START;Variant=02
CO,EVA_CO_HARMONIA,MATCH_VICTORY,01,Rare,1,0.0,CG_MatchFlow,NeverInterrupt,Победа,Противник лишён координации. Поле стабилизировано.,Противник лишён координации. Поле стабилизировано.,Serene,Measured,Critical,"Calm disciplined female strategic command voice, elegant and precise, controlled emotion, measured pace, subtle authority, clear standard Russian.",RA4_Bible_v2,true,Approved,Faction=CO;Event=MATCH_VICTORY;Variant=01
CO,EVA_CO_HARMONIA,MATCH_VICTORY,02,Rare,1,0.0,CG_MatchFlow,NeverInterrupt,Победа,Полная синхронизация достигнута. Победа Коалиции.,Полная синхронизация достигнута. Победа Коалиции.,Serene,Measured,Critical,"Calm disciplined female strategic command voice, elegant and precise, controlled emotion, measured pace, subtle authority, clear standard Russian.",RA4_Design_v2,false,Approved,Faction=CO;Event=MATCH_VICTORY;Variant=02
CO,EVA_CO_HARMONIA,MATCH_DEFEAT,01,Rare,1,0.0,CG_MatchFlow,NeverInterrupt,Поражение,Связь между узлами потеряна. Система распалась.,Связь между узлами потеряна. Система распалась.,Restrained,Slow,Critical,"Calm disciplined female strategic command voice, elegant and precise, controlled emotion, measured pace, subtle authority, clear standard Russian.",RA4_Bible_v2,true,Approved,Faction=CO;Event=MATCH_DEFEAT;Variant=01
CO,EVA_CO_HARMONIA,MATCH_DEFEAT,02,Rare,1,0.0,CG_MatchFlow,NeverInterrupt,Поражение,Разрыв сетевого баланса. Управление полностью утрачено.,Разрыв сетевого баланса. Управление полностью утрачено.,Restrained,Slow,Critical,"Calm disciplined female strategic command voice, elegant and precise, controlled emotion, measured pace, subtle authority, clear standard Russian.",RA4_Design_v2,false,Approved,Faction=CO;Event=MATCH_DEFEAT;Variant=02
CO,EVA_CO_HARMONIA,COMMAND_CENTER_DESTROYED,01,Rare,1,0.0,CG_MatchFlow,InterruptImmediate,Уничтожение Командного дворца,Командный дворец разрушен! Сеть дестабилизирована!,Командный дворец разрушен! Сеть дестабилизирована!,Controlled,Fast,Critical,"Calm disciplined female strategic command voice, elegant and precise, controlled emotion, measured pace, subtle authority, clear standard Russian.",RA4_Design_v2,false,Approved,Faction=CO;Event=COMMAND_CENTER_DESTROYED;Variant=01
CO,EVA_CO_HARMONIA,COMMAND_CENTER_DESTROYED,02,Rare,1,0.0,CG_MatchFlow,InterruptImmediate,Уничтожение Командного дворца,Центральный узел гармонии уничтожен.,Центральный узел гармонии уничтожен.,Controlled,Fast,Critical,"Calm disciplined female strategic command voice, elegant and precise, controlled emotion, measured pace, subtle authority, clear standard Russian.",RA4_Design_v2,false,Approved,Faction=CO;Event=COMMAND_CENTER_DESTROYED;Variant=02
CO,EVA_CO_HARMONIA,MOBILE_COMMAND_UNIT_DESTROYED,01,Rare,1,0.0,CG_MatchFlow,InterruptImmediate,Потеря МКМ,Мобильный командный узел разрушен!,Мобильный командный узел разрушен!,Controlled,Fast,Critical,"Calm disciplined female strategic command voice, elegant and precise, controlled emotion, measured pace, subtle authority, clear standard Russian.",RA4_Design_v2,false,Approved,Faction=CO;Event=MOBILE_COMMAND_UNIT_DESTROYED;Variant=01
CO,EVA_CO_HARMONIA,MOBILE_COMMAND_UNIT_DESTROYED,02,Rare,1,0.0,CG_MatchFlow,InterruptImmediate,Потеря МКМ,Мобильный узел строительства потерян.,Мобильный узел строительства потерян.,Controlled,Fast,Critical,"Calm disciplined female strategic command voice, elegant and precise, controlled emotion, measured pace, subtle authority, clear standard Russian.",RA4_Design_v2,false,Approved,Faction=CO;Event=MOBILE_COMMAND_UNIT_DESTROYED;Variant=02
CO,EVA_CO_HARMONIA,HERO_LOST,01,Rare,1,0.0,CG_MatchFlow,InterruptImmediate,Гибель Командира Мэй Цзянь,Командир Мэй Цзянь погибла в бою!,Командир Мэй Цзянь погибла в бою!,Controlled,Fast,Critical,"Calm disciplined female strategic command voice, elegant and precise, controlled emotion, measured pace, subtle authority, clear standard Russian.",RA4_Design_v2,false,Approved,Faction=CO;Event=HERO_LOST;Variant=01
CO,EVA_CO_HARMONIA,HERO_LOST,02,Rare,1,0.0,CG_MatchFlow,InterruptImmediate,Гибель Командира Мэй Цзянь,Связь с командиром Мэй Цзянь прервана.,Связь с командиром Мэй Цзянь прервана.,Restrained,Slow,Critical,"Calm disciplined female strategic command voice, elegant and precise, controlled emotion, measured pace, subtle authority, clear standard Russian.",RA4_Design_v2,false,Approved,Faction=CO;Event=HERO_LOST;Variant=02
CO,EVA_CO_HARMONIA,OWN_SUPERWEAPON_FIRED,01,Rare,1,0.0,CG_Superweapon,InterruptImmediate,Пуск Сейсмического резонатора,Сейсмический резонатор активирован!,Сейсмический резонатор активирован!,Serene,Measured,Critical,"Calm disciplined female strategic command voice, elegant and precise, controlled emotion, measured pace, subtle authority, clear standard Russian.",RA4_Design_v2,false,Approved,Faction=CO;Event=OWN_SUPERWEAPON_FIRED;Variant=01
CO,EVA_CO_HARMONIA,OWN_SUPERWEAPON_FIRED,02,Rare,1,0.0,CG_Superweapon,InterruptImmediate,Пуск Сейсмического резонатора,Ударная волна резонатора направлена в эпицентр.,Ударная волна резонатора направлена в эпицентр.,Serene,Measured,Critical,"Calm disciplined female strategic command voice, elegant and precise, controlled emotion, measured pace, subtle authority, clear standard Russian.",RA4_Design_v2,false,Approved,Faction=CO;Event=OWN_SUPERWEAPON_FIRED;Variant=02
CO,EVA_CO_HARMONIA,ENEMY_SUPERWEAPON_FIRED,01,Rare,1,0.0,CG_Superweapon,InterruptImmediate,Стратегическое возмущение врага,Обнаружено стратегическое возмущение.,Обнаружено стратегическое возмущение.,Controlled,Fast,Critical,"Calm disciplined female strategic command voice, elegant and precise, controlled emotion, measured pace, subtle authority, clear standard Russian.",RA4_Bible_v2,true,Approved,Faction=CO;Event=ENEMY_SUPERWEAPON_FIRED;Variant=01
CO,EVA_CO_HARMONIA,ENEMY_SUPERWEAPON_FIRED,02,Rare,1,0.0,CG_Superweapon,InterruptImmediate,Стратегическое возмущение врага,Зафиксирован запуск катастрофического оружия противника!,Зафиксирован запуск катастрофического оружия противника!,Controlled,Fast,Critical,"Calm disciplined female strategic command voice, elegant and precise, controlled emotion, measured pace, subtle authority, clear standard Russian.",RA4_Design_v2,false,Approved,Faction=CO;Event=ENEMY_SUPERWEAPON_FIRED;Variant=02
CO,EVA_CO_HARMONIA,FACTION_RESOURCE_MAX,01,Rare,2,15.0,CG_Intel,Queue,Синхронизация 100%,Сеть достигла полной синхронизации.,Сеть достигла полной синхронизации.,Serene,Measured,High,"Calm disciplined female strategic command voice, elegant and precise, controlled emotion, measured pace, subtle authority, clear standard Russian.",RA4_Bible_v2,true,Approved,Faction=CO;Event=FACTION_RESOURCE_MAX;Variant=01
CO,EVA_CO_HARMONIA,FACTION_RESOURCE_MAX,02,Rare,2,15.0,CG_Intel,Queue,Синхронизация 100%,Синхронизация 100%. Пассивные щиты работают на полную мощность.,Синхронизация сто процентов. Пассивные щиты работают на полную мощность.,Serene,Measured,High,"Calm disciplined female strategic command voice, elegant and precise, controlled emotion, measured pace, subtle authority, clear standard Russian.",RA4_Design_v2,false,Approved,Faction=CO;Event=FACTION_RESOURCE_MAX;Variant=02
CO,EVA_CO_HARMONIA,BUILDING_UNDER_ATTACK,01,Standard,2,5.0,CG_CombatAlert,DropIfBusy,Повреждение узла,Вспомогательный узел повреждён.,Вспомогательный узел повреждён.,Controlled,Measured,Medium,"Calm disciplined female strategic command voice, elegant and precise, controlled emotion, measured pace, subtle authority, clear standard Russian.",RA4_Design_v2,false,Approved,Faction=CO;Event=BUILDING_UNDER_ATTACK;Variant=01
CO,EVA_CO_HARMONIA,BUILDING_UNDER_ATTACK,02,Standard,2,5.0,CG_CombatAlert,DropIfBusy,Повреждение узла,Внешняя турель под обстрелом.,Внешняя турель под обстрелом.,Controlled,Measured,Medium,"Calm disciplined female strategic command voice, elegant and precise, controlled emotion, measured pace, subtle authority, clear standard Russian.",RA4_Design_v2,false,Approved,Faction=CO;Event=BUILDING_UNDER_ATTACK;Variant=02
CO,EVA_CO_HARMONIA,BUILDING_UNDER_ATTACK,03,Standard,2,5.0,CG_CombatAlert,DropIfBusy,Повреждение узла,Оборонительное сооружение атаковано.,Оборонительное сооружение атаковано.,Controlled,Measured,Medium,"Calm disciplined female strategic command voice, elegant and precise, controlled emotion, measured pace, subtle authority, clear standard Russian.",RA4_Design_v2,false,Approved,Faction=CO;Event=BUILDING_UNDER_ATTACK;Variant=03
CO,EVA_CO_HARMONIA,STRUCTURE_SOLD,01,Standard,3,2.0,CG_Production,Queue,Продажа строения,Узел аккуратно расформирован.,Узел аккуратно расформирован.,Serene,Measured,Medium,"Calm disciplined female strategic command voice, elegant and precise, controlled emotion, measured pace, subtle authority, clear standard Russian.",RA4_Design_v2,false,Approved,Faction=CO;Event=STRUCTURE_SOLD;Variant=01
CO,EVA_CO_HARMONIA,STRUCTURE_SOLD,02,Standard,3,2.0,CG_Production,Queue,Продажа строения,Строение демонтировано.,Строение демонтировано.,Serene,Measured,Medium,"Calm disciplined female strategic command voice, elegant and precise, controlled emotion, measured pace, subtle authority, clear standard Russian.",RA4_Design_v2,false,Approved,Faction=CO;Event=STRUCTURE_SOLD;Variant=02
CO,EVA_CO_HARMONIA,STRUCTURE_SOLD,03,Standard,3,2.0,CG_Production,Queue,Продажа строения,Ресурсы возвращены в сеть.,Ресурсы возвращены в сеть.,Serene,Measured,Medium,"Calm disciplined female strategic command voice, elegant and precise, controlled emotion, measured pace, subtle authority, clear standard Russian.",RA4_Design_v2,false,Approved,Faction=CO;Event=STRUCTURE_SOLD;Variant=03
CO,EVA_CO_HARMONIA,CONSTRUCTION_CANCELLED,01,Standard,3,2.0,CG_Production,Queue,Отмена строительства,Создание узла отменено.,Создание узла отменено.,Serene,Measured,Medium,"Calm disciplined female strategic command voice, elegant and precise, controlled emotion, measured pace, subtle authority, clear standard Russian.",RA4_Design_v2,false,Approved,Faction=CO;Event=CONSTRUCTION_CANCELLED;Variant=01
CO,EVA_CO_HARMONIA,CONSTRUCTION_CANCELLED,02,Standard,3,2.0,CG_Production,Queue,Отмена строительства,Формирование модуля остановлено.,Формирование модуля остановлено.,Serene,Measured,Medium,"Calm disciplined female strategic command voice, elegant and precise, controlled emotion, measured pace, subtle authority, clear standard Russian.",RA4_Design_v2,false,Approved,Faction=CO;Event=CONSTRUCTION_CANCELLED;Variant=02
CO,EVA_CO_HARMONIA,CONSTRUCTION_CANCELLED,03,Standard,3,2.0,CG_Production,Queue,Отмена строительства,Сборка прекращена.,Сборка прекращена.,Serene,Measured,Medium,"Calm disciplined female strategic command voice, elegant and precise, controlled emotion, measured pace, subtle authority, clear standard Russian.",RA4_Design_v2,false,Approved,Faction=CO;Event=CONSTRUCTION_CANCELLED;Variant=03
CO,EVA_CO_HARMONIA,UPGRADE_COMPLETE,01,Standard,3,3.0,CG_Production,Queue,Исследование завершено,Гармоническая модернизация завершена.,Гармоническая модернизация завершена.,Serene,Measured,Medium,"Calm disciplined female strategic command voice, elegant and precise, controlled emotion, measured pace, subtle authority, clear standard Russian.",RA4_Design_v2,false,Approved,Faction=CO;Event=UPGRADE_COMPLETE;Variant=01
CO,EVA_CO_HARMONIA,UPGRADE_COMPLETE,02,Standard,3,3.0,CG_Production,Queue,Исследование завершено,Сетевой протокол обновлён.,Сетевой протокол обновлён.,Serene,Measured,Medium,"Calm disciplined female strategic command voice, elegant and precise, controlled emotion, measured pace, subtle authority, clear standard Russian.",RA4_Design_v2,false,Approved,Faction=CO;Event=UPGRADE_COMPLETE;Variant=02
CO,EVA_CO_HARMONIA,UPGRADE_COMPLETE,03,Standard,3,3.0,CG_Production,Queue,Исследование завершено,Новые построения утверждены.,Новые построения утверждены.,Serene,Measured,Medium,"Calm disciplined female strategic command voice, elegant and precise, controlled emotion, measured pace, subtle authority, clear standard Russian.",RA4_Design_v2,false,Approved,Faction=CO;Event=UPGRADE_COMPLETE;Variant=03
CO,EVA_CO_HARMONIA,SUPERWEAPON_READY,01,Standard,1,0.0,CG_Superweapon,InterruptImmediate,Готовность Сейсмического резонатора,Сейсмический резонатор готов к разрядке!,Сейсмический резонатор готов к разрядке!,Serene,Measured,High,"Calm disciplined female strategic command voice, elegant and precise, controlled emotion, measured pace, subtle authority, clear standard Russian.",RA4_Design_v2,false,Approved,Faction=CO;Event=SUPERWEAPON_READY;Variant=01
CO,EVA_CO_HARMONIA,SUPERWEAPON_READY,02,Standard,1,0.0,CG_Superweapon,InterruptImmediate,Готовность Матрицы «Десять тысяч щитов»,Матрица «Десять тысяч щитов» готова.,Матрица Десять тысяч щитов готова.,Serene,Measured,High,"Calm disciplined female strategic command voice, elegant and precise, controlled emotion, measured pace, subtle authority, clear standard Russian.",RA4_Design_v2,false,Approved,Faction=CO;Event=SUPERWEAPON_READY;Variant=02
CO,EVA_CO_HARMONIA,SUPERWEAPON_READY,03,Standard,1,0.0,CG_Superweapon,InterruptImmediate,Готовность Сейсмического резонатора,Стратегический резонансный узел заряжен.,Стратегический резонансный узел заряжен.,Serene,Measured,High,"Calm disciplined female strategic command voice, elegant and precise, controlled emotion, measured pace, subtle authority, clear standard Russian.",RA4_Design_v2,false,Approved,Faction=CO;Event=SUPERWEAPON_READY;Variant=03
CO,EVA_CO_HARMONIA,SUPERWEAPON_COUNTDOWN_STARTED,01,Standard,1,0.0,CG_Superweapon,InterruptImmediate,Отсчёт до удара врага,Зафиксирован обратный отсчет вражеского супероружия.,Зафиксирован обратный отсчет вражеского супероружия.,Controlled,Fast,High,"Calm disciplined female strategic command voice, elegant and precise, controlled emotion, measured pace, subtle authority, clear standard Russian.",RA4_Design_v2,false,Approved,Faction=CO;Event=SUPERWEAPON_COUNTDOWN_STARTED;Variant=01
CO,EVA_CO_HARMONIA,SUPERWEAPON_COUNTDOWN_STARTED,02,Standard,1,0.0,CG_Superweapon,InterruptImmediate,Отсчёт до удара врага,Таймер разрушительного резонанса врага запущен.,Таймер разрушительного резонанса врага запущен.,Controlled,Fast,High,"Calm disciplined female strategic command voice, elegant and precise, controlled emotion, measured pace, subtle authority, clear standard Russian.",RA4_Design_v2,false,Approved,Faction=CO;Event=SUPERWEAPON_COUNTDOWN_STARTED;Variant=02
CO,EVA_CO_HARMONIA,SUPERWEAPON_COUNTDOWN_STARTED,03,Standard,1,0.0,CG_Superweapon,InterruptImmediate,Отсчёт до удара врага,Подготовьте щитовые узлы к вражескому удару.,Подготовьте щитовые узлы к вражескому удару.,Controlled,Fast,High,"Calm disciplined female strategic command voice, elegant and precise, controlled emotion, measured pace, subtle authority, clear standard Russian.",RA4_Design_v2,false,Approved,Faction=CO;Event=SUPERWEAPON_COUNTDOWN_STARTED;Variant=03
CO,EVA_CO_HARMONIA,FACTION_ABILITY_READY,01,Standard,3,5.0,CG_Intel,Queue,Гармонический импульс готов,Сетевой гармонический импульс готов.,Сетевой гармонический импульс готов.,Serene,Measured,Medium,"Calm disciplined female strategic command voice, elegant and precise, controlled emotion, measured pace, subtle authority, clear standard Russian.",RA4_Design_v2,false,Approved,Faction=CO;Event=FACTION_ABILITY_READY;Variant=01
CO,EVA_CO_HARMONIA,FACTION_ABILITY_READY,02,Standard,3,5.0,CG_Intel,Queue,Гармонический импульс готов,Усиление построения доступно.,Усиление построения доступно.,Serene,Measured,Medium,"Calm disciplined female strategic command voice, elegant and precise, controlled emotion, measured pace, subtle authority, clear standard Russian.",RA4_Design_v2,false,Approved,Faction=CO;Event=FACTION_ABILITY_READY;Variant=02
CO,EVA_CO_HARMONIA,FACTION_ABILITY_READY,03,Standard,3,5.0,CG_Intel,Queue,Гармонический импульс готов,Способность сети готова к применению.,Способность сети готова к применению.,Serene,Measured,Medium,"Calm disciplined female strategic command voice, elegant and precise, controlled emotion, measured pace, subtle authority, clear standard Russian.",RA4_Design_v2,false,Approved,Faction=CO;Event=FACTION_ABILITY_READY;Variant=03
CO,EVA_CO_HARMONIA,FACTION_ABILITY_ACTIVATED,01,Standard,2,3.0,CG_Intel,Queue,Активация сетевого импульса,Гармонический импульс применён.,Гармонический импульс применён.,Controlled,Measured,High,"Calm disciplined female strategic command voice, elegant and precise, controlled emotion, measured pace, subtle authority, clear standard Russian.",RA4_Design_v2,false,Approved,Faction=CO;Event=FACTION_ABILITY_ACTIVATED;Variant=01
CO,EVA_CO_HARMONIA,FACTION_ABILITY_ACTIVATED,02,Standard,2,3.0,CG_Intel,Queue,Активация сетевого импульса,Сетевой щит активирован для союзных юнитов.,Сетевой щит активирован для союзных юнитов.,Controlled,Measured,High,"Calm disciplined female strategic command voice, elegant and precise, controlled emotion, measured pace, subtle authority, clear standard Russian.",RA4_Design_v2,false,Approved,Faction=CO;Event=FACTION_ABILITY_ACTIVATED;Variant=02
CO,EVA_CO_HARMONIA,FACTION_ABILITY_ACTIVATED,03,Standard,2,3.0,CG_Intel,Queue,Активация сетевого импульса,Точность и защита строя повышена.,Точность и защита строя повышена.,Controlled,Measured,High,"Calm disciplined female strategic command voice, elegant and precise, controlled emotion, measured pace, subtle authority, clear standard Russian.",RA4_Design_v2,false,Approved,Faction=CO;Event=FACTION_ABILITY_ACTIVATED;Variant=03
CO,EVA_CO_HARMONIA,ALLIED_BASE_UNDER_ATTACK,01,Standard,2,6.0,CG_CombatAlert,InterruptImmediate,Атака на союзника,Узлы базы союзника дестабилизированы.,Узлы базы союзника дестабилизированы.,Controlled,Fast,High,"Calm disciplined female strategic command voice, elegant and precise, controlled emotion, measured pace, subtle authority, clear standard Russian.",RA4_Design_v2,false,Approved,Faction=CO;Event=ALLIED_BASE_UNDER_ATTACK;Variant=01
CO,EVA_CO_HARMONIA,ALLIED_BASE_UNDER_ATTACK,02,Standard,2,6.0,CG_CombatAlert,InterruptImmediate,Атака на союзника,Союзная база под вражеским штурмом.,Союзная база под вражеским штурмом.,Controlled,Fast,High,"Calm disciplined female strategic command voice, elegant and precise, controlled emotion, measured pace, subtle authority, clear standard Russian.",RA4_Design_v2,false,Approved,Faction=CO;Event=ALLIED_BASE_UNDER_ATTACK;Variant=02
CO,EVA_CO_HARMONIA,ALLIED_BASE_UNDER_ATTACK,03,Standard,2,6.0,CG_CombatAlert,InterruptImmediate,Атака на союзника,Направьте подразделения на помощь союзному узлу.,Направьте подразделения на помощь союзному узлу.,Controlled,Fast,High,"Calm disciplined female strategic command voice, elegant and precise, controlled emotion, measured pace, subtle authority, clear standard Russian.",RA4_Design_v2,false,Approved,Faction=CO;Event=ALLIED_BASE_UNDER_ATTACK;Variant=03
CO,EVA_CO_HARMONIA,RADAR_OFFLINE,01,Standard,2,5.0,CG_Intel,InterruptImmediate,Потеря связи сети,Связь с пространственным радаром потеряна.,Связь с пространственным радаром потеряна.,Controlled,Fast,High,"Calm disciplined female strategic command voice, elegant and precise, controlled emotion, measured pace, subtle authority, clear standard Russian.",RA4_Design_v2,false,Approved,Faction=CO;Event=RADAR_OFFLINE;Variant=01
CO,EVA_CO_HARMONIA,RADAR_OFFLINE,02,Standard,2,5.0,CG_Intel,InterruptImmediate,Потеря связи сети,Сетевое сканирование прервано.,Сетевое сканирование прервано.,Controlled,Fast,High,"Calm disciplined female strategic command voice, elegant and precise, controlled emotion, measured pace, subtle authority, clear standard Russian.",RA4_Design_v2,false,Approved,Faction=CO;Event=RADAR_OFFLINE;Variant=02
CO,EVA_CO_HARMONIA,RADAR_OFFLINE,03,Standard,2,5.0,CG_Intel,InterruptImmediate,Потеря связи сети,Слепая зона в системе наблюдения.,Слепая зона в системе наблюдения.,Controlled,Fast,High,"Calm disciplined female strategic command voice, elegant and precise, controlled emotion, measured pace, subtle authority, clear standard Russian.",RA4_Design_v2,false,Approved,Faction=CO;Event=RADAR_OFFLINE;Variant=03
CO,EVA_CO_HARMONIA,RESOURCES_DEPLETED,01,Standard,3,10.0,CG_Economy,DropIfBusy,Месторождение истощено,Ресурсная жила истощена.,Ресурсная жила истощена.,Serene,Measured,Medium,"Calm disciplined female strategic command voice, elegant and precise, controlled emotion, measured pace, subtle authority, clear standard Russian.",RA4_Design_v2,false,Approved,Faction=CO;Event=RESOURCES_DEPLETED;Variant=01
CO,EVA_CO_HARMONIA,RESOURCES_DEPLETED,02,Standard,3,10.0,CG_Economy,DropIfBusy,Месторождение истощено,Добывающая платформа «Юань» исчерпала месторождение.,Добывающая платформа Юань исчерпала месторождение.,Serene,Measured,Medium,"Calm disciplined female strategic command voice, elegant and precise, controlled emotion, measured pace, subtle authority, clear standard Russian.",RA4_Design_v2,false,Approved,Faction=CO;Event=RESOURCES_DEPLETED;Variant=02
CO,EVA_CO_HARMONIA,RESOURCES_DEPLETED,03,Standard,3,10.0,CG_Economy,DropIfBusy,Месторождение истощено,Запас полезных ископаемых равен нулю.,Запас полезных ископаемых равен нулю.,Serene,Measured,Medium,"Calm disciplined female strategic command voice, elegant and precise, controlled emotion, measured pace, subtle authority, clear standard Russian.",RA4_Design_v2,false,Approved,Faction=CO;Event=RESOURCES_DEPLETED;Variant=03
CH,EVA_CH_MOIRA,UNIT_READY_GENERIC,01,Frequent,3,2.0,CG_Production,Queue,Синхронизация с настоящим,Единица синхронизирована с настоящим.,Единица синхронизирована с настоящим.,Analytical,Deliberate,Medium,"Androgynous timeless command voice, calm and unsettling, extremely precise, restrained emotion, deliberate micro-pauses, clear Russian, no baked-in audio effects.",RA4_Bible_v2,true,Approved,Faction=CH;Event=UNIT_READY_GENERIC;Variant=01
CH,EVA_CH_MOIRA,UNIT_READY_GENERIC,02,Frequent,3,2.0,CG_Production,Queue,Синхронизация с настоящим,Темпоральный объект материализован.,Темпоральный объект материализован.,Analytical,Deliberate,Medium,"Androgynous timeless command voice, calm and unsettling, extremely precise, restrained emotion, deliberate micro-pauses, clear Russian, no baked-in audio effects.",RA4_Design_v2,false,Approved,Faction=CH;Event=UNIT_READY_GENERIC;Variant=02
CH,EVA_CH_MOIRA,UNIT_READY_GENERIC,03,Frequent,3,2.0,CG_Production,Queue,Синхронизация с настоящим,Сущность введена в текущую мировую линию.,Сущность введена в текущую мировую линию.,Analytical,Deliberate,Medium,"Androgynous timeless command voice, calm and unsettling, extremely precise, restrained emotion, deliberate micro-pauses, clear Russian, no baked-in audio effects.",RA4_Design_v2,false,Approved,Faction=CH;Event=UNIT_READY_GENERIC;Variant=03
CH,EVA_CH_MOIRA,UNIT_READY_GENERIC,04,Frequent,3,2.0,CG_Production,Queue,Синхронизация с настоящим,Причинный вектор единицы стабилизирован.,Причинный вектор единицы стабилизирован.,Analytical,Deliberate,Medium,"Androgynous timeless command voice, calm and unsettling, extremely precise, restrained emotion, deliberate micro-pauses, clear Russian, no baked-in audio effects.",RA4_Design_v2,false,Approved,Faction=CH;Event=UNIT_READY_GENERIC;Variant=04
CH,EVA_CH_MOIRA,INFANTRY_READY,01,Frequent,3,2.0,CG_Production,Queue,Пехотная единица материализована,Пехотный элемент выведен из фазового сдвига.,Пехотный элемент выведен из фазового сдвига.,Analytical,Deliberate,Medium,"Androgynous timeless command voice, calm and unsettling, extremely precise, restrained emotion, deliberate micro-pauses, clear Russian, no baked-in audio effects.",RA4_Design_v2,false,Approved,Faction=CH;Event=INFANTRY_READY;Variant=01
CH,EVA_CH_MOIRA,INFANTRY_READY,02,Frequent,3,2.0,CG_Production,Queue,Пехотная единица материализована,Стрелок «Резонанс» готов к редактированию событий.,Стрелок Резонанс готов к редактированию событий.,Analytical,Deliberate,Medium,"Androgynous timeless command voice, calm and unsettling, extremely precise, restrained emotion, deliberate micro-pauses, clear Russian, no baked-in audio effects.",RA4_Design_v2,false,Approved,Faction=CH;Event=INFANTRY_READY;Variant=02
CH,EVA_CH_MOIRA,INFANTRY_READY,03,Frequent,3,2.0,CG_Production,Queue,Пехотная единица материализована,Оперативник «Цензор» зафиксирован в настоящем.,Оперативник Цензор зафиксирован в настоящем.,Analytical,Deliberate,Medium,"Androgynous timeless command voice, calm and unsettling, extremely precise, restrained emotion, deliberate micro-pauses, clear Russian, no baked-in audio effects.",RA4_Design_v2,false,Approved,Faction=CH;Event=INFANTRY_READY;Variant=03
CH,EVA_CH_MOIRA,INFANTRY_READY,04,Frequent,3,2.0,CG_Production,Queue,Пехотная единица материализована,Пехотное звено подготовлено.,Пехотное звено подготовлено.,Analytical,Deliberate,Medium,"Androgynous timeless command voice, calm and unsettling, extremely precise, restrained emotion, deliberate micro-pauses, clear Russian, no baked-in audio effects.",RA4_Design_v2,false,Approved,Faction=CH;Event=INFANTRY_READY;Variant=04
CH,EVA_CH_MOIRA,VEHICLE_READY,01,Frequent,3,2.0,CG_Production,Queue,Танк / бронеформа синхронизирована,Тяжёлая бронеформа выведена из временной петли.,Тяжёлая бронеформа выведена из временной петли.,Analytical,Deliberate,Medium,"Androgynous timeless command voice, calm and unsettling, extremely precise, restrained emotion, deliberate micro-pauses, clear Russian, no baked-in audio effects.",RA4_Design_v2,false,Approved,Faction=CH;Event=VEHICLE_READY;Variant=01
CH,EVA_CH_MOIRA,VEHICLE_READY,02,Frequent,3,2.0,CG_Production,Queue,Танк / бронеформа синхронизирована,Танк «Линия» материализован на точке развёртывания.,Танк Линия материализован на точке развёртывания.,Analytical,Deliberate,Medium,"Androgynous timeless command voice, calm and unsettling, extremely precise, restrained emotion, deliberate micro-pauses, clear Russian, no baked-in audio effects.",RA4_Design_v2,false,Approved,Faction=CH;Event=VEHICLE_READY;Variant=02
CH,EVA_CH_MOIRA,VEHICLE_READY,03,Frequent,3,2.0,CG_Production,Queue,Танк / бронеформа синхронизирована,Проектор «Пауза» готов к стазису.,Проектор Пауза готов к стазису.,Analytical,Deliberate,Medium,"Androgynous timeless command voice, calm and unsettling, extremely precise, restrained emotion, deliberate micro-pauses, clear Russian, no baked-in audio effects.",RA4_Design_v2,false,Approved,Faction=CH;Event=VEHICLE_READY;Variant=03
CH,EVA_CH_MOIRA,VEHICLE_READY,04,Frequent,3,2.0,CG_Production,Queue,Танк / бронеформа синхронизирована,Тяжёлый комплекс «Эра» синхронизирован.,Тяжёлый комплекс Эра синхронизирован.,Analytical,Deliberate,Medium,"Androgynous timeless command voice, calm and unsettling, extremely precise, restrained emotion, deliberate micro-pauses, clear Russian, no baked-in audio effects.",RA4_Design_v2,false,Approved,Faction=CH;Event=VEHICLE_READY;Variant=04
CH,EVA_CH_MOIRA,AIRCRAFT_READY,01,Frequent,3,2.0,CG_Production,Queue,Воздушный объект закреплён,Воздушный объект зафиксирован во временном потоке.,Воздушный объект зафиксирован во временном потоке.,Analytical,Deliberate,Medium,"Androgynous timeless command voice, calm and unsettling, extremely precise, restrained emotion, deliberate micro-pauses, clear Russian, no baked-in audio effects.",RA4_Design_v2,false,Approved,Faction=CH;Event=AIRCRAFT_READY;Variant=01
CH,EVA_CH_MOIRA,AIRCRAFT_READY,02,Frequent,3,2.0,CG_Production,Queue,Воздушный объект закреплён,Перехватчик «Разрыв» выведен из хроно-сдвига.,Перехватчик Разрыв выведен из хроно-сдвига.,Analytical,Deliberate,Medium,"Androgynous timeless command voice, calm and unsettling, extremely precise, restrained emotion, deliberate micro-pauses, clear Russian, no baked-in audio effects.",RA4_Design_v2,false,Approved,Faction=CH;Event=AIRCRAFT_READY;Variant=02
CH,EVA_CH_MOIRA,AIRCRAFT_READY,03,Frequent,3,2.0,CG_Production,Queue,Воздушный объект закреплён,Штурмовик «Шлейф» готов к выполнению маневра.,Штурмовик Шлейф готов к выполнению маневра.,Analytical,Deliberate,Medium,"Androgynous timeless command voice, calm and unsettling, extremely precise, restrained emotion, deliberate micro-pauses, clear Russian, no baked-in audio effects.",RA4_Design_v2,false,Approved,Faction=CH;Event=AIRCRAFT_READY;Variant=03
CH,EVA_CH_MOIRA,AIRCRAFT_READY,04,Frequent,3,2.0,CG_Production,Queue,Воздушный объект закреплён,Бомбардировщик «Критическая точка» активирован.,Бомбардировщик Критическая точка активирован.,Analytical,Deliberate,Medium,"Androgynous timeless command voice, calm and unsettling, extremely precise, restrained emotion, deliberate micro-pauses, clear Russian, no baked-in audio effects.",RA4_Design_v2,false,Approved,Faction=CH;Event=AIRCRAFT_READY;Variant=04
CH,EVA_CH_MOIRA,NAVAL_UNIT_READY,01,Frequent,3,2.0,CG_Production,Queue,Морская единица развернута,Темпоральный корабль вошел в вектор акватории.,Темпоральный корабль вошел в вектор акватории.,Analytical,Deliberate,Medium,"Androgynous timeless command voice, calm and unsettling, extremely precise, restrained emotion, deliberate micro-pauses, clear Russian, no baked-in audio effects.",RA4_Design_v2,false,Approved,Faction=CH;Event=NAVAL_UNIT_READY;Variant=01
CH,EVA_CH_MOIRA,NAVAL_UNIT_READY,02,Frequent,3,2.0,CG_Production,Queue,Морская единица развернута,Фрегат «Изобата» материализован.,Фрегат Изобата материализован.,Analytical,Deliberate,Medium,"Androgynous timeless command voice, calm and unsettling, extremely precise, restrained emotion, deliberate micro-pauses, clear Russian, no baked-in audio effects.",RA4_Design_v2,false,Approved,Faction=CH;Event=NAVAL_UNIT_READY;Variant=02
CH,EVA_CH_MOIRA,NAVAL_UNIT_READY,03,Frequent,3,2.0,CG_Production,Queue,Морская единица развернута,Морская конструкция закреплена на линии времени.,Морская конструкция закреплена на линии времени.,Analytical,Deliberate,Medium,"Androgynous timeless command voice, calm and unsettling, extremely precise, restrained emotion, deliberate micro-pauses, clear Russian, no baked-in audio effects.",RA4_Design_v2,false,Approved,Faction=CH;Event=NAVAL_UNIT_READY;Variant=03
CH,EVA_CH_MOIRA,NAVAL_UNIT_READY,04,Frequent,3,2.0,CG_Production,Queue,Морская единица развернута,Фазовое судно готово к выходу.,Фазовое судно готово к выходу.,Analytical,Deliberate,Medium,"Androgynous timeless command voice, calm and unsettling, extremely precise, restrained emotion, deliberate micro-pauses, clear Russian, no baked-in audio effects.",RA4_Design_v2,false,Approved,Faction=CH;Event=NAVAL_UNIT_READY;Variant=04
CH,EVA_CH_MOIRA,CONSTRUCTION_COMPLETE,01,Frequent,3,2.0,CG_Production,Queue,Структура материализована,Структура зафиксирована в настоящем.,Структура зафиксирована в настоящем.,Analytical,Deliberate,Medium,"Androgynous timeless command voice, calm and unsettling, extremely precise, restrained emotion, deliberate micro-pauses, clear Russian, no baked-in audio effects.",RA4_Design_v2,false,Approved,Faction=CH;Event=CONSTRUCTION_COMPLETE;Variant=01
CH,EVA_CH_MOIRA,CONSTRUCTION_COMPLETE,02,Frequent,3,2.0,CG_Production,Queue,Структура материализована,Материализация здания завершена.,Материализация здания завершена.,Analytical,Deliberate,Medium,"Androgynous timeless command voice, calm and unsettling, extremely precise, restrained emotion, deliberate micro-pauses, clear Russian, no baked-in audio effects.",RA4_Design_v2,false,Approved,Faction=CH;Event=CONSTRUCTION_COMPLETE;Variant=02
CH,EVA_CH_MOIRA,CONSTRUCTION_COMPLETE,03,Frequent,3,2.0,CG_Production,Queue,Структура материализована,Причинный узел возведен и функционирует.,Причинный узел возведен и функционирует.,Analytical,Deliberate,Medium,"Androgynous timeless command voice, calm and unsettling, extremely precise, restrained emotion, deliberate micro-pauses, clear Russian, no baked-in audio effects.",RA4_Design_v2,false,Approved,Faction=CH;Event=CONSTRUCTION_COMPLETE;Variant=03
CH,EVA_CH_MOIRA,CONSTRUCTION_COMPLETE,04,Frequent,3,2.0,CG_Production,Queue,Структура материализована,Архив будущего интегрирован.,Архив будущего интегрирован.,Analytical,Deliberate,Medium,"Androgynous timeless command voice, calm and unsettling, extremely precise, restrained emotion, deliberate micro-pauses, clear Russian, no baked-in audio effects.",RA4_Design_v2,false,Approved,Faction=CH;Event=CONSTRUCTION_COMPLETE;Variant=04
CH,EVA_CH_MOIRA,INSUFFICIENT_FUNDS,01,Frequent,3,10.0,CG_Economy,DropIfBusy,Дефицит квантовой материи,Недостаточно ресурсов для материализации.,Недостаточно ресурсов для материализации.,Analytical,Deliberate,Medium,"Androgynous timeless command voice, calm and unsettling, extremely precise, restrained emotion, deliberate micro-pauses, clear Russian, no baked-in audio effects.",RA4_Design_v2,false,Approved,Faction=CH;Event=INSUFFICIENT_FUNDS;Variant=01
CH,EVA_CH_MOIRA,INSUFFICIENT_FUNDS,02,Frequent,3,10.0,CG_Economy,DropIfBusy,Дефицит квантовой материи,Квантовый резерв исчерпан. Пополните ресурс.,Квантовый резерв исчерпан. Пополните ресурс.,Analytical,Deliberate,Medium,"Androgynous timeless command voice, calm and unsettling, extremely precise, restrained emotion, deliberate micro-pauses, clear Russian, no baked-in audio effects.",RA4_Design_v2,false,Approved,Faction=CH;Event=INSUFFICIENT_FUNDS;Variant=02
CH,EVA_CH_MOIRA,INSUFFICIENT_FUNDS,03,Frequent,3,10.0,CG_Economy,DropIfBusy,Дефицит квантовой материи,Низкая плотность материи: процесс приостановлен.,Низкая плотность материи: процесс приостановлен.,Analytical,Deliberate,Medium,"Androgynous timeless command voice, calm and unsettling, extremely precise, restrained emotion, deliberate micro-pauses, clear Russian, no baked-in audio effects.",RA4_Design_v2,false,Approved,Faction=CH;Event=INSUFFICIENT_FUNDS;Variant=03
CH,EVA_CH_MOIRA,INSUFFICIENT_FUNDS,04,Frequent,3,10.0,CG_Economy,DropIfBusy,Дефицит квантовой материи,Ошибка синтеза: нехватка квантовых единиц.,Ошибка синтеза: нехватка квантовых единиц.,Analytical,Deliberate,Medium,"Androgynous timeless command voice, calm and unsettling, extremely precise, restrained emotion, deliberate micro-pauses, clear Russian, no baked-in audio effects.",RA4_Design_v2,false,Approved,Faction=CH;Event=INSUFFICIENT_FUNDS;Variant=04
CH,EVA_CH_MOIRA,BASE_UNDER_ATTACK,01,Frequent,2,5.0,CG_CombatAlert,InterruptImmediate,Удар по базе в текущей линии,В текущем варианте будущего база находится под ударом.,В текущем варианте будущего база находится под ударом.,Analytical,Fast,High,"Androgynous timeless command voice, calm and unsettling, extremely precise, restrained emotion, deliberate micro-pauses, clear Russian, no baked-in audio effects.",RA4_Bible_v2,true,Approved,Faction=CH;Event=BASE_UNDER_ATTACK;Variant=01
CH,EVA_CH_MOIRA,BASE_UNDER_ATTACK,02,Frequent,2,5.0,CG_CombatAlert,InterruptImmediate,Удар по базе в текущей линии,Зафиксировано деструктивное вмешательство в узлы базы.,Зафиксировано деструктивное вмешательство в узлы базы.,Analytical,Fast,High,"Androgynous timeless command voice, calm and unsettling, extremely precise, restrained emotion, deliberate micro-pauses, clear Russian, no baked-in audio effects.",RA4_Design_v2,false,Approved,Faction=CH;Event=BASE_UNDER_ATTACK;Variant=02
CH,EVA_CH_MOIRA,BASE_UNDER_ATTACK,03,Frequent,2,5.0,CG_CombatAlert,InterruptImmediate,Удар по базе в текущей линии,Пространственный контур базы повреждается противником.,Пространственный контур базы повреждается противником.,Analytical,Fast,High,"Androgynous timeless command voice, calm and unsettling, extremely precise, restrained emotion, deliberate micro-pauses, clear Russian, no baked-in audio effects.",RA4_Design_v2,false,Approved,Faction=CH;Event=BASE_UNDER_ATTACK;Variant=03
CH,EVA_CH_MOIRA,BASE_UNDER_ATTACK,04,Frequent,2,5.0,CG_CombatAlert,InterruptImmediate,Удар по базе в текущей линии,Угроза разрушения причинной инфраструктуры.,Угроза разрушения причинной инфраструктуры.,Analytical,Fast,High,"Androgynous timeless command voice, calm and unsettling, extremely precise, restrained emotion, deliberate micro-pauses, clear Russian, no baked-in audio effects.",RA4_Design_v2,false,Approved,Faction=CH;Event=BASE_UNDER_ATTACK;Variant=04
CH,EVA_CH_MOIRA,HARVESTER_UNDER_ATTACK,01,Frequent,2,8.0,CG_CombatAlert,InterruptImmediate,Атака на добытчик «Вероятник»,Добытчик «Вероятник» атакован!,Добытчик Вероятник атакован!,Analytical,Fast,High,"Androgynous timeless command voice, calm and unsettling, extremely precise, restrained emotion, deliberate micro-pauses, clear Russian, no baked-in audio effects.",RA4_Design_v2,false,Approved,Faction=CH;Event=HARVESTER_UNDER_ATTACK;Variant=01
CH,EVA_CH_MOIRA,HARVESTER_UNDER_ATTACK,02,Frequent,2,8.0,CG_CombatAlert,InterruptImmediate,Атака на добытчик «Вероятник»,Квантовый добытчик подвергся вражескому обстрелу.,Квантовый добытчик подвергся вражескому обстрелу.,Analytical,Fast,High,"Androgynous timeless command voice, calm and unsettling, extremely precise, restrained emotion, deliberate micro-pauses, clear Russian, no baked-in audio effects.",RA4_Design_v2,false,Approved,Faction=CH;Event=HARVESTER_UNDER_ATTACK;Variant=02
CH,EVA_CH_MOIRA,HARVESTER_UNDER_ATTACK,03,Frequent,2,8.0,CG_CombatAlert,InterruptImmediate,Атака на добытчик «Вероятник»,Вектор движения добывающей единицы под угрозой.,Вектор движения добывающей единицы под угрозой.,Analytical,Fast,High,"Androgynous timeless command voice, calm and unsettling, extremely precise, restrained emotion, deliberate micro-pauses, clear Russian, no baked-in audio effects.",RA4_Design_v2,false,Approved,Faction=CH;Event=HARVESTER_UNDER_ATTACK;Variant=03
CH,EVA_CH_MOIRA,HARVESTER_UNDER_ATTACK,04,Frequent,2,8.0,CG_CombatAlert,InterruptImmediate,Атака на добытчик «Вероятник»,Предотвратите уничтожение комбайна QH-4.,Предотвратите уничтожение комбайна Ку-Аш-4.,Analytical,Fast,High,"Androgynous timeless command voice, calm and unsettling, extremely precise, restrained emotion, deliberate micro-pauses, clear Russian, no baked-in audio effects.",RA4_Design_v2,false,Approved,Faction=CH;Event=HARVESTER_UNDER_ATTACK;Variant=04
CH,EVA_CH_MOIRA,POWER_LOW,01,Frequent,2,10.0,CG_Economy,InterruptImmediate,Отставание энергетического контура,Энергетический контур отстаёт от временной линии.,Энергетический контур отстаёт от временной линии.,Analytical,Deliberate,High,"Androgynous timeless command voice, calm and unsettling, extremely precise, restrained emotion, deliberate micro-pauses, clear Russian, no baked-in audio effects.",RA4_Bible_v2,true,Approved,Faction=CH;Event=POWER_LOW;Variant=01
CH,EVA_CH_MOIRA,POWER_LOW,02,Frequent,2,10.0,CG_Economy,InterruptImmediate,Отставание энергетического контура,Темпоральный рассинхрон энергетики. Скорость падает.,Темпоральный рассинхрон энергетики. Скорость падает.,Analytical,Deliberate,High,"Androgynous timeless command voice, calm and unsettling, extremely precise, restrained emotion, deliberate micro-pauses, clear Russian, no baked-in audio effects.",RA4_Design_v2,false,Approved,Faction=CH;Event=POWER_LOW;Variant=02
CH,EVA_CH_MOIRA,POWER_LOW,03,Frequent,2,10.0,CG_Economy,InterruptImmediate,Отставание энергетического контура,Недостаточно энергии для удержания континуума.,Недостаточно энергии для удержания континуума.,Analytical,Deliberate,High,"Androgynous timeless command voice, calm and unsettling, extremely precise, restrained emotion, deliberate micro-pauses, clear Russian, no baked-in audio effects.",RA4_Design_v2,false,Approved,Faction=CH;Event=POWER_LOW;Variant=03
CH,EVA_CH_MOIRA,POWER_LOW,04,Frequent,2,10.0,CG_Economy,InterruptImmediate,Отставание энергетического контура,Критический провал энергетической стабильности.,Критический провал энергетической стабильности.,Analytical,Deliberate,High,"Androgynous timeless command voice, calm and unsettling, extremely precise, restrained emotion, deliberate micro-pauses, clear Russian, no baked-in audio effects.",RA4_Design_v2,false,Approved,Faction=CH;Event=POWER_LOW;Variant=04
CH,EVA_CH_MOIRA,COMMAND_CAP_REACHED,01,Frequent,3,10.0,CG_Economy,DropIfBusy,Предел емкости континуума,Предел емкости темпорального континуума достигнут.,Предел емкости темпорального континуума достигнут.,Analytical,Deliberate,Medium,"Androgynous timeless command voice, calm and unsettling, extremely precise, restrained emotion, deliberate micro-pauses, clear Russian, no baked-in audio effects.",RA4_Design_v2,false,Approved,Faction=CH;Event=COMMAND_CAP_REACHED;Variant=01
CH,EVA_CH_MOIRA,COMMAND_CAP_REACHED,02,Frequent,3,10.0,CG_Economy,DropIfBusy,Предел емкости континуума,Командная емкость исчерпана. Синхронизация закрыта.,Командная емкость исчерпана. Синхронизация закрыта.,Analytical,Deliberate,Medium,"Androgynous timeless command voice, calm and unsettling, extremely precise, restrained emotion, deliberate micro-pauses, clear Russian, no baked-in audio effects.",RA4_Design_v2,false,Approved,Faction=CH;Event=COMMAND_CAP_REACHED;Variant=02
CH,EVA_CH_MOIRA,COMMAND_CAP_REACHED,03,Frequent,3,10.0,CG_Economy,DropIfBusy,Предел емкости континуума,Нет свободных временных слотов для новых единиц.,Нет свободных временных слотов для новых единиц.,Analytical,Deliberate,Medium,"Androgynous timeless command voice, calm and unsettling, extremely precise, restrained emotion, deliberate micro-pauses, clear Russian, no baked-in audio effects.",RA4_Design_v2,false,Approved,Faction=CH;Event=COMMAND_CAP_REACHED;Variant=03
CH,EVA_CH_MOIRA,COMMAND_CAP_REACHED,04,Frequent,3,10.0,CG_Economy,DropIfBusy,Предел емкости континуума,Лимит присутствия полон.,Лимит присутствия полон.,Analytical,Deliberate,Medium,"Androgynous timeless command voice, calm and unsettling, extremely precise, restrained emotion, deliberate micro-pauses, clear Russian, no baked-in audio effects.",RA4_Design_v2,false,Approved,Faction=CH;Event=COMMAND_CAP_REACHED;Variant=04
CH,EVA_CH_MOIRA,STEALTH_UNIT_DETECTED,01,Frequent,2,6.0,CG_Intel,InterruptImmediate,Аномалия маскировки вскрыта,Обнаружена фазовая аномалия противника.,Обнаружена фазовая аномалия противника.,Analytical,Fast,High,"Androgynous timeless command voice, calm and unsettling, extremely precise, restrained emotion, deliberate micro-pauses, clear Russian, no baked-in audio effects.",RA4_Design_v2,false,Approved,Faction=CH;Event=STEALTH_UNIT_DETECTED;Variant=01
CH,EVA_CH_MOIRA,STEALTH_UNIT_DETECTED,02,Frequent,2,6.0,CG_Intel,InterruptImmediate,Аномалия маскировки вскрыта,Замаскированный объект проявляется в настоящем.,Замаскированный объект проявляется в настоящем.,Analytical,Fast,High,"Androgynous timeless command voice, calm and unsettling, extremely precise, restrained emotion, deliberate micro-pauses, clear Russian, no baked-in audio effects.",RA4_Design_v2,false,Approved,Faction=CH;Event=STEALTH_UNIT_DETECTED;Variant=02
CH,EVA_CH_MOIRA,STEALTH_UNIT_DETECTED,03,Frequent,2,6.0,CG_Intel,InterruptImmediate,Аномалия маскировки вскрыта,Стелс-сигнал расшифрован с вероятностью сто процентов.,Стелс-сигнал расшифрован с вероятностью сто процентов.,Analytical,Fast,High,"Androgynous timeless command voice, calm and unsettling, extremely precise, restrained emotion, deliberate micro-pauses, clear Russian, no baked-in audio effects.",RA4_Design_v2,false,Approved,Faction=CH;Event=STEALTH_UNIT_DETECTED;Variant=03
CH,EVA_CH_MOIRA,STEALTH_UNIT_DETECTED,04,Frequent,2,6.0,CG_Intel,InterruptImmediate,Аномалия маскировки вскрыта,Невидимая цель зафиксирована снайперами.,Невидимая цель зафиксирована снайперами.,Analytical,Fast,High,"Androgynous timeless command voice, calm and unsettling, extremely precise, restrained emotion, deliberate micro-pauses, clear Russian, no baked-in audio effects.",RA4_Design_v2,false,Approved,Faction=CH;Event=STEALTH_UNIT_DETECTED;Variant=04
CH,EVA_CH_MOIRA,MATCH_START,01,Rare,1,0.0,CG_MatchFlow,NeverInterrupt,Старт редактирования линии,Причинная цепь закреплена. Настоящее доступно для редактирования.,Причинная цепь закреплена. Настоящее доступно для редактирования.,Analytical,Deliberate,Critical,"Androgynous timeless command voice, calm and unsettling, extremely precise, restrained emotion, deliberate micro-pauses, clear Russian, no baked-in audio effects.",RA4_Bible_v2,true,Approved,Faction=CH;Event=MATCH_START;Variant=01
CH,EVA_CH_MOIRA,MATCH_START,02,Rare,1,0.0,CG_MatchFlow,NeverInterrupt,Старт редактирования линии,Аналитик MOIRA в сети. Хроноузлы инициализированы.,Аналитик Мойра в сети. Хроноузлы инициализированы.,Analytical,Deliberate,Critical,"Androgynous timeless command voice, calm and unsettling, extremely precise, restrained emotion, deliberate micro-pauses, clear Russian, no baked-in audio effects.",RA4_Design_v2,false,Approved,Faction=CH;Event=MATCH_START;Variant=02
CH,EVA_CH_MOIRA,MATCH_VICTORY,01,Rare,1,0.0,CG_MatchFlow,NeverInterrupt,Победа,Вражеская линия событий завершена.,Вражеская линия событий завершена.,Analytical,Deliberate,Critical,"Androgynous timeless command voice, calm and unsettling, extremely precise, restrained emotion, deliberate micro-pauses, clear Russian, no baked-in audio effects.",RA4_Bible_v2,true,Approved,Faction=CH;Event=MATCH_VICTORY;Variant=01
CH,EVA_CH_MOIRA,MATCH_VICTORY,02,Rare,1,0.0,CG_MatchFlow,NeverInterrupt,Победа,Альтернативные исходы стёрты. Полное доминирование в континууме.,Альтернативные исходы стёрты. Полное доминирование в континууме.,Analytical,Deliberate,Critical,"Androgynous timeless command voice, calm and unsettling, extremely precise, restrained emotion, deliberate micro-pauses, clear Russian, no baked-in audio effects.",RA4_Design_v2,false,Approved,Faction=CH;Event=MATCH_VICTORY;Variant=02
CH,EVA_CH_MOIRA,MATCH_DEFEAT,01,Rare,1,0.0,CG_MatchFlow,NeverInterrupt,Поражение,Этот вариант истории больше не поддерживается.,Этот вариант истории больше не поддерживается.,Analytical,Slow,Critical,"Androgynous timeless command voice, calm and unsettling, extremely precise, restrained emotion, deliberate micro-pauses, clear Russian, no baked-in audio effects.",RA4_Bible_v2,true,Approved,Faction=CH;Event=MATCH_DEFEAT;Variant=01
CH,EVA_CH_MOIRA,MATCH_DEFEAT,02,Rare,1,0.0,CG_MatchFlow,NeverInterrupt,Поражение,Причинная связь оборвана. Линия времени коллапсировала.,Причинная связь оборвана. Линия времени коллапсировала.,Analytical,Slow,Critical,"Androgynous timeless command voice, calm and unsettling, extremely precise, restrained emotion, deliberate micro-pauses, clear Russian, no baked-in audio effects.",RA4_Design_v2,false,Approved,Faction=CH;Event=MATCH_DEFEAT;Variant=02
CH,EVA_CH_MOIRA,COMMAND_CENTER_DESTROYED,01,Rare,1,0.0,CG_MatchFlow,InterruptImmediate,Разрыв Временного штаба,Временной штаб аннигилирован в текущей реальности!,Временной штаб аннигилирован в текущей реальности!,Analytical,Fast,Critical,"Androgynous timeless command voice, calm and unsettling, extremely precise, restrained emotion, deliberate micro-pauses, clear Russian, no baked-in audio effects.",RA4_Design_v2,false,Approved,Faction=CH;Event=COMMAND_CENTER_DESTROYED;Variant=01
CH,EVA_CH_MOIRA,COMMAND_CENTER_DESTROYED,02,Rare,1,0.0,CG_MatchFlow,InterruptImmediate,Разрыв Временного штаба,Главный хроно-узел разрушен.,Главный хроно-узел разрушен.,Analytical,Fast,Critical,"Androgynous timeless command voice, calm and unsettling, extremely precise, restrained emotion, deliberate micro-pauses, clear Russian, no baked-in audio effects.",RA4_Design_v2,false,Approved,Faction=CH;Event=COMMAND_CENTER_DESTROYED;Variant=02
CH,EVA_CH_MOIRA,MOBILE_COMMAND_UNIT_DESTROYED,01,Rare,1,0.0,CG_MatchFlow,InterruptImmediate,Потеря МКМ,Мобильный темпоральный модуль стёрт из настоящего!,Мобильный темпоральный модуль стёрт из настоящего!,Analytical,Fast,Critical,"Androgynous timeless command voice, calm and unsettling, extremely precise, restrained emotion, deliberate micro-pauses, clear Russian, no baked-in audio effects.",RA4_Design_v2,false,Approved,Faction=CH;Event=MOBILE_COMMAND_UNIT_DESTROYED;Variant=01
CH,EVA_CH_MOIRA,MOBILE_COMMAND_UNIT_DESTROYED,02,Rare,1,0.0,CG_MatchFlow,InterruptImmediate,Потеря МКМ,Потерян модуль хроно-строительства.,Потерян модуль хроно-строительства.,Analytical,Fast,Critical,"Androgynous timeless command voice, calm and unsettling, extremely precise, restrained emotion, deliberate micro-pauses, clear Russian, no baked-in audio effects.",RA4_Design_v2,false,Approved,Faction=CH;Event=MOBILE_COMMAND_UNIT_DESTROYED;Variant=02
CH,EVA_CH_MOIRA,HERO_LOST,01,Rare,1,0.0,CG_MatchFlow,InterruptImmediate,Гибель Оперативника «Цензор» / Героя,Нулевой оперативник стёрт из хроники!,Нулевой оперативник стёрт из хроники!,Analytical,Fast,Critical,"Androgynous timeless command voice, calm and unsettling, extremely precise, restrained emotion, deliberate micro-pauses, clear Russian, no baked-in audio effects.",RA4_Design_v2,false,Approved,Faction=CH;Event=HERO_LOST;Variant=01
CH,EVA_CH_MOIRA,HERO_LOST,02,Rare,1,0.0,CG_MatchFlow,InterruptImmediate,Гибель Оперативника «Цензор» / Героя,Биометрический эхо-сигнал героя исчез.,Биометрический эхо-сигнал героя исчез.,Analytical,Slow,Critical,"Androgynous timeless command voice, calm and unsettling, extremely precise, restrained emotion, deliberate micro-pauses, clear Russian, no baked-in audio effects.",RA4_Design_v2,false,Approved,Faction=CH;Event=HERO_LOST;Variant=02
CH,EVA_CH_MOIRA,OWN_SUPERWEAPON_FIRED,01,Rare,1,0.0,CG_Superweapon,InterruptImmediate,Пуск Сингулярного коллапсера,Сингулярный коллапсер вызвал временной разрыв!,Сингулярный коллапсер вызвал временной разрыв!,Analytical,Deliberate,Critical,"Androgynous timeless command voice, calm and unsettling, extremely precise, restrained emotion, deliberate micro-pauses, clear Russian, no baked-in audio effects.",RA4_Design_v2,false,Approved,Faction=CH;Event=OWN_SUPERWEAPON_FIRED;Variant=01
CH,EVA_CH_MOIRA,OWN_SUPERWEAPON_FIRED,02,Rare,1,0.0,CG_Superweapon,InterruptImmediate,Пуск Сингулярного коллапсера,Временная сингулярность сформирована над целью.,Временная сингулярность сформирована над целью.,Analytical,Deliberate,Critical,"Androgynous timeless command voice, calm and unsettling, extremely precise, restrained emotion, deliberate micro-pauses, clear Russian, no baked-in audio effects.",RA4_Design_v2,false,Approved,Faction=CH;Event=OWN_SUPERWEAPON_FIRED;Variant=02
CH,EVA_CH_MOIRA,ENEMY_SUPERWEAPON_FIRED,01,Rare,1,0.0,CG_Superweapon,InterruptImmediate,Угроза коллапса от супероружия врага,Зафиксирован исход с массовыми потерями. Вероятность растёт.,Зафиксирован исход с массовыми потерями. Вероятность растёт.,Analytical,Fast,Critical,"Androgynous timeless command voice, calm and unsettling, extremely precise, restrained emotion, deliberate micro-pauses, clear Russian, no baked-in audio effects.",RA4_Bible_v2,true,Approved,Faction=CH;Event=ENEMY_SUPERWEAPON_FIRED;Variant=01
CH,EVA_CH_MOIRA,ENEMY_SUPERWEAPON_FIRED,02,Rare,1,0.0,CG_Superweapon,InterruptImmediate,Угроза коллапса от супероружия врага,Катастрофическая точка аномалии зафиксирована на карте!,Катастрофическая точка аномалии зафиксирована на карте!,Analytical,Fast,Critical,"Androgynous timeless command voice, calm and unsettling, extremely precise, restrained emotion, deliberate micro-pauses, clear Russian, no baked-in audio effects.",RA4_Design_v2,false,Approved,Faction=CH;Event=ENEMY_SUPERWEAPON_FIRED;Variant=02
CH,EVA_CH_MOIRA,FACTION_RESOURCE_CRITICAL,01,Rare,2,15.0,CG_Intel,Queue,Стабильность < 30%,Темпоральная стабильность критически снижена.,Темпоральная стабильность критически снижена.,Analytical,Deliberate,High,"Androgynous timeless command voice, calm and unsettling, extremely precise, restrained emotion, deliberate micro-pauses, clear Russian, no baked-in audio effects.",RA4_Bible_v2,true,Approved,Faction=CH;Event=FACTION_RESOURCE_CRITICAL;Variant=01
CH,EVA_CH_MOIRA,FACTION_RESOURCE_CRITICAL,02,Rare,2,15.0,CG_Intel,Queue,Стабильность < 30%,Темпоральная стабильность ниже тридцати процентов. Штрафы активны.,Темпоральная стабильность ниже тридцати процентов. Штрафы активны.,Analytical,Deliberate,High,"Androgynous timeless command voice, calm and unsettling, extremely precise, restrained emotion, deliberate micro-pauses, clear Russian, no baked-in audio effects.",RA4_Design_v2,false,Approved,Faction=CH;Event=FACTION_RESOURCE_CRITICAL;Variant=02
CH,EVA_CH_MOIRA,BUILDING_UNDER_ATTACK,01,Standard,2,5.0,CG_CombatAlert,DropIfBusy,Повреждение объекта,Хроноструктура подвергается деструкции.,Хроноструктура подвергается деструкции.,Analytical,Deliberate,Medium,"Androgynous timeless command voice, calm and unsettling, extremely precise, restrained emotion, deliberate micro-pauses, clear Russian, no baked-in audio effects.",RA4_Design_v2,false,Approved,Faction=CH;Event=BUILDING_UNDER_ATTACK;Variant=01
CH,EVA_CH_MOIRA,BUILDING_UNDER_ATTACK,02,Standard,2,5.0,CG_CombatAlert,DropIfBusy,Повреждение объекта,Вспомогательный якорь причинности атакован.,Вспомогательный якорь причинности атакован.,Analytical,Deliberate,Medium,"Androgynous timeless command voice, calm and unsettling, extremely precise, restrained emotion, deliberate micro-pauses, clear Russian, no baked-in audio effects.",RA4_Design_v2,false,Approved,Faction=CH;Event=BUILDING_UNDER_ATTACK;Variant=02
CH,EVA_CH_MOIRA,BUILDING_UNDER_ATTACK,03,Standard,2,5.0,CG_CombatAlert,DropIfBusy,Повреждение объекта,Атака на внешние строения подпространства.,Атака на внешние строения подпространства.,Analytical,Deliberate,Medium,"Androgynous timeless command voice, calm and unsettling, extremely precise, restrained emotion, deliberate micro-pauses, clear Russian, no baked-in audio effects.",RA4_Design_v2,false,Approved,Faction=CH;Event=BUILDING_UNDER_ATTACK;Variant=03
CH,EVA_CH_MOIRA,STRUCTURE_SOLD,01,Standard,3,2.0,CG_Production,Queue,Расформирование объекта,Объект дематериализован.,Объект дематериализован.,Analytical,Deliberate,Medium,"Androgynous timeless command voice, calm and unsettling, extremely precise, restrained emotion, deliberate micro-pauses, clear Russian, no baked-in audio effects.",RA4_Design_v2,false,Approved,Faction=CH;Event=STRUCTURE_SOLD;Variant=01
CH,EVA_CH_MOIRA,STRUCTURE_SOLD,02,Standard,3,2.0,CG_Production,Queue,Расформирование объекта,Строение возвращено во временной резерв.,Строение возвращено во временной резерв.,Analytical,Deliberate,Medium,"Androgynous timeless command voice, calm and unsettling, extremely precise, restrained emotion, deliberate micro-pauses, clear Russian, no baked-in audio effects.",RA4_Design_v2,false,Approved,Faction=CH;Event=STRUCTURE_SOLD;Variant=02
CH,EVA_CH_MOIRA,STRUCTURE_SOLD,03,Standard,3,2.0,CG_Production,Queue,Расформирование объекта,Дематериализация прошла успешно.,Дематериализация прошла успешно.,Analytical,Deliberate,Medium,"Androgynous timeless command voice, calm and unsettling, extremely precise, restrained emotion, deliberate micro-pauses, clear Russian, no baked-in audio effects.",RA4_Design_v2,false,Approved,Faction=CH;Event=STRUCTURE_SOLD;Variant=03
CH,EVA_CH_MOIRA,CONSTRUCTION_CANCELLED,01,Standard,3,2.0,CG_Production,Queue,Отмена постройки,Материализация структуры отменена.,Материализация структуры отменена.,Analytical,Deliberate,Medium,"Androgynous timeless command voice, calm and unsettling, extremely precise, restrained emotion, deliberate micro-pauses, clear Russian, no baked-in audio effects.",RA4_Design_v2,false,Approved,Faction=CH;Event=CONSTRUCTION_CANCELLED;Variant=01
CH,EVA_CH_MOIRA,CONSTRUCTION_CANCELLED,02,Standard,3,2.0,CG_Production,Queue,Отмена постройки,Процесс сборки стёрт из плана.,Процесс сборки стёрт из плана.,Analytical,Deliberate,Medium,"Androgynous timeless command voice, calm and unsettling, extremely precise, restrained emotion, deliberate micro-pauses, clear Russian, no baked-in audio effects.",RA4_Design_v2,false,Approved,Faction=CH;Event=CONSTRUCTION_CANCELLED;Variant=02
CH,EVA_CH_MOIRA,CONSTRUCTION_CANCELLED,03,Standard,3,2.0,CG_Production,Queue,Отмена постройки,Вектор постройки анулирован.,Вектор постройки анулирован.,Analytical,Deliberate,Medium,"Androgynous timeless command voice, calm and unsettling, extremely precise, restrained emotion, deliberate micro-pauses, clear Russian, no baked-in audio effects.",RA4_Design_v2,false,Approved,Faction=CH;Event=CONSTRUCTION_CANCELLED;Variant=03
CH,EVA_CH_MOIRA,UPGRADE_COMPLETE,01,Standard,3,3.0,CG_Production,Queue,Исследование завершено,Анализ парадокса завершён.,Анализ парадокса завершён.,Analytical,Deliberate,Medium,"Androgynous timeless command voice, calm and unsettling, extremely precise, restrained emotion, deliberate micro-pauses, clear Russian, no baked-in audio effects.",RA4_Design_v2,false,Approved,Faction=CH;Event=UPGRADE_COMPLETE;Variant=01
CH,EVA_CH_MOIRA,UPGRADE_COMPLETE,02,Standard,3,3.0,CG_Production,Queue,Исследование завершено,Архив будущего предоставил новые данные.,Архив будущего предоставил новые данные.,Analytical,Deliberate,Medium,"Androgynous timeless command voice, calm and unsettling, extremely precise, restrained emotion, deliberate micro-pauses, clear Russian, no baked-in audio effects.",RA4_Design_v2,false,Approved,Faction=CH;Event=UPGRADE_COMPLETE;Variant=02
CH,EVA_CH_MOIRA,UPGRADE_COMPLETE,03,Standard,3,3.0,CG_Production,Queue,Исследование завершено,Темпоральный апгрейд интегрирован.,Темпоральный апгрейд интегрирован.,Analytical,Deliberate,Medium,"Androgynous timeless command voice, calm and unsettling, extremely precise, restrained emotion, deliberate micro-pauses, clear Russian, no baked-in audio effects.",RA4_Design_v2,false,Approved,Faction=CH;Event=UPGRADE_COMPLETE;Variant=03
CH,EVA_CH_MOIRA,SUPERWEAPON_READY,01,Standard,1,0.0,CG_Superweapon,InterruptImmediate,Готовность «Сингулярного коллапсера»,Сингулярный коллапсер готов к разрыву!,Сингулярный коллапсер готов к разрыву!,Analytical,Deliberate,High,"Androgynous timeless command voice, calm and unsettling, extremely precise, restrained emotion, deliberate micro-pauses, clear Russian, no baked-in audio effects.",RA4_Design_v2,false,Approved,Faction=CH;Event=SUPERWEAPON_READY;Variant=01
CH,EVA_CH_MOIRA,SUPERWEAPON_READY,02,Standard,1,0.0,CG_Superweapon,InterruptImmediate,Готовность Матрицы «Обратный отсчёт»,Матрица «Обратный отсчёт» сфокусирована.,Матрица Обратный отсчёт сфокусирована.,Analytical,Deliberate,High,"Androgynous timeless command voice, calm and unsettling, extremely precise, restrained emotion, deliberate micro-pauses, clear Russian, no baked-in audio effects.",RA4_Design_v2,false,Approved,Faction=CH;Event=SUPERWEAPON_READY;Variant=02
CH,EVA_CH_MOIRA,SUPERWEAPON_READY,03,Standard,1,0.0,CG_Superweapon,InterruptImmediate,Готовность «Сингулярного коллапсера»,Причинное супероружие в состоянии готовности.,Причинное супероружие в состоянии готовности.,Analytical,Deliberate,High,"Androgynous timeless command voice, calm and unsettling, extremely precise, restrained emotion, deliberate micro-pauses, clear Russian, no baked-in audio effects.",RA4_Design_v2,false,Approved,Faction=CH;Event=SUPERWEAPON_READY;Variant=03
CH,EVA_CH_MOIRA,SUPERWEAPON_COUNTDOWN_STARTED,01,Standard,1,0.0,CG_Superweapon,InterruptImmediate,Отсчёт до удара врага,Зафиксирован обратный отсчёт разрушения мировой линии.,Зафиксирован обратный отсчёт разрушения мировой линии.,Analytical,Fast,High,"Androgynous timeless command voice, calm and unsettling, extremely precise, restrained emotion, deliberate micro-pauses, clear Russian, no baked-in audio effects.",RA4_Design_v2,false,Approved,Faction=CH;Event=SUPERWEAPON_COUNTDOWN_STARTED;Variant=01
CH,EVA_CH_MOIRA,SUPERWEAPON_COUNTDOWN_STARTED,02,Standard,1,0.0,CG_Superweapon,InterruptImmediate,Отсчёт до удара врага,Вражеское супероружие начнёт деструкцию через считанные секунды.,Вражеское супероружие начнёт деструкцию через считанные секунды.,Analytical,Fast,High,"Androgynous timeless command voice, calm and unsettling, extremely precise, restrained emotion, deliberate micro-pauses, clear Russian, no baked-in audio effects.",RA4_Design_v2,false,Approved,Faction=CH;Event=SUPERWEAPON_COUNTDOWN_STARTED;Variant=02
CH,EVA_CH_MOIRA,SUPERWEAPON_COUNTDOWN_STARTED,03,Standard,1,0.0,CG_Superweapon,InterruptImmediate,Отсчёт до удара врага,Таймер критического исхода активирован.,Таймер критического исхода активирован.,Analytical,Fast,High,"Androgynous timeless command voice, calm and unsettling, extremely precise, restrained emotion, deliberate micro-pauses, clear Russian, no baked-in audio effects.",RA4_Design_v2,false,Approved,Faction=CH;Event=SUPERWEAPON_COUNTDOWN_STARTED;Variant=03
CH,EVA_CH_MOIRA,FACTION_ABILITY_READY,01,Standard,3,5.0,CG_Intel,Queue,Темпоральный скачок готов,Фазовый скачок готов к активации.,Фазовый скачок готов к активации.,Analytical,Deliberate,Medium,"Androgynous timeless command voice, calm and unsettling, extremely precise, restrained emotion, deliberate micro-pauses, clear Russian, no baked-in audio effects.",RA4_Design_v2,false,Approved,Faction=CH;Event=FACTION_ABILITY_READY;Variant=01
CH,EVA_CH_MOIRA,FACTION_ABILITY_READY,02,Standard,3,5.0,CG_Intel,Queue,Темпоральный скачок готов,Перемотка локальной реальности доступна.,Перемотка локальной реальности доступна.,Analytical,Deliberate,Medium,"Androgynous timeless command voice, calm and unsettling, extremely precise, restrained emotion, deliberate micro-pauses, clear Russian, no baked-in audio effects.",RA4_Design_v2,false,Approved,Faction=CH;Event=FACTION_ABILITY_READY;Variant=02
CH,EVA_CH_MOIRA,FACTION_ABILITY_READY,03,Standard,3,5.0,CG_Intel,Queue,Темпоральный скачок готов,Темпоральная способность перезаряжена.,Темпоральная способность перезаряжена.,Analytical,Deliberate,Medium,"Androgynous timeless command voice, calm and unsettling, extremely precise, restrained emotion, deliberate micro-pauses, clear Russian, no baked-in audio effects.",RA4_Design_v2,false,Approved,Faction=CH;Event=FACTION_ABILITY_READY;Variant=03
CH,EVA_CH_MOIRA,FACTION_ABILITY_ACTIVATED,01,Standard,2,3.0,CG_Intel,Queue,Активация перемотки / скачка,Локальная перемотка времени вызвана.,Локальная перемотка времени вызвана.,Analytical,Deliberate,High,"Androgynous timeless command voice, calm and unsettling, extremely precise, restrained emotion, deliberate micro-pauses, clear Russian, no baked-in audio effects.",RA4_Design_v2,false,Approved,Faction=CH;Event=FACTION_ABILITY_ACTIVATED;Variant=01
CH,EVA_CH_MOIRA,FACTION_ABILITY_ACTIVATED,02,Standard,2,3.0,CG_Intel,Queue,Активация перемотки / скачка,Фазовый сдвиг отряда осуществлён.,Фазовый сдвиг отряда осуществлён.,Analytical,Deliberate,High,"Androgynous timeless command voice, calm and unsettling, extremely precise, restrained emotion, deliberate micro-pauses, clear Russian, no baked-in audio effects.",RA4_Design_v2,false,Approved,Faction=CH;Event=FACTION_ABILITY_ACTIVATED;Variant=02
CH,EVA_CH_MOIRA,FACTION_ABILITY_ACTIVATED,03,Standard,2,3.0,CG_Intel,Queue,Активация перемотки / скачка,Парадокс успешно встроен в мировую линию.,Парадокс успешно встроен в мировую линию.,Analytical,Deliberate,High,"Androgynous timeless command voice, calm and unsettling, extremely precise, restrained emotion, deliberate micro-pauses, clear Russian, no baked-in audio effects.",RA4_Design_v2,false,Approved,Faction=CH;Event=FACTION_ABILITY_ACTIVATED;Variant=03
CH,EVA_CH_MOIRA,ALLIED_BASE_UNDER_ATTACK,01,Standard,2,6.0,CG_CombatAlert,InterruptImmediate,Союзник под ударом,Вектор времени союзника под деструктивным ударом.,Вектор времени союзника под деструктивным ударом.,Analytical,Fast,High,"Androgynous timeless command voice, calm and unsettling, extremely precise, restrained emotion, deliberate micro-pauses, clear Russian, no baked-in audio effects.",RA4_Design_v2,false,Approved,Faction=CH;Event=ALLIED_BASE_UNDER_ATTACK;Variant=01
CH,EVA_CH_MOIRA,ALLIED_BASE_UNDER_ATTACK,02,Standard,2,6.0,CG_CombatAlert,InterruptImmediate,Союзник под ударом,База союзника разрушается в текущей реальности.,База союзника разрушается в текущей реальности.,Analytical,Fast,High,"Androgynous timeless command voice, calm and unsettling, extremely precise, restrained emotion, deliberate micro-pauses, clear Russian, no baked-in audio effects.",RA4_Design_v2,false,Approved,Faction=CH;Event=ALLIED_BASE_UNDER_ATTACK;Variant=02
CH,EVA_CH_MOIRA,ALLIED_BASE_UNDER_ATTACK,03,Standard,2,6.0,CG_CombatAlert,InterruptImmediate,Союзник под ударом,Союзные структуры теряют темпоральную целостность.,Союзные структуры теряют темпоральную целостность.,Analytical,Fast,High,"Androgynous timeless command voice, calm and unsettling, extremely precise, restrained emotion, deliberate micro-pauses, clear Russian, no baked-in audio effects.",RA4_Design_v2,false,Approved,Faction=CH;Event=ALLIED_BASE_UNDER_ATTACK;Variant=03
CH,EVA_CH_MOIRA,RADAR_OFFLINE,01,Standard,2,5.0,CG_Intel,InterruptImmediate,Отключение Якоря причинности / сканера,Якорь причинности дестабилизирован. Видимость утрачена.,Якорь причинности дестабилизирован. Видимость утрачена.,Analytical,Fast,High,"Androgynous timeless command voice, calm and unsettling, extremely precise, restrained emotion, deliberate micro-pauses, clear Russian, no baked-in audio effects.",RA4_Design_v2,false,Approved,Faction=CH;Event=RADAR_OFFLINE;Variant=01
CH,EVA_CH_MOIRA,RADAR_OFFLINE,02,Standard,2,5.0,CG_Intel,InterruptImmediate,Отключение Якоря причинности / сканера,Темпоральный обзор заблокирован.,Темпоральный обзор заблокирован.,Analytical,Fast,High,"Androgynous timeless command voice, calm and unsettling, extremely precise, restrained emotion, deliberate micro-pauses, clear Russian, no baked-in audio effects.",RA4_Design_v2,false,Approved,Faction=CH;Event=RADAR_OFFLINE;Variant=02
CH,EVA_CH_MOIRA,RADAR_OFFLINE,03,Standard,2,5.0,CG_Intel,InterruptImmediate,Отключение Якоря причинности / сканера,Потеря связи со сканером времени.,Потеря связи со сканером времени.,Analytical,Fast,High,"Androgynous timeless command voice, calm and unsettling, extremely precise, restrained emotion, deliberate micro-pauses, clear Russian, no baked-in audio effects.",RA4_Design_v2,false,Approved,Faction=CH;Event=RADAR_OFFLINE;Variant=03
CH,EVA_CH_MOIRA,RESOURCES_DEPLETED,01,Standard,3,10.0,CG_Economy,DropIfBusy,Истощение квантового узла,Квантовое месторождение полностью ассимилировано.,Квантовое месторождение полностью ассимилировано.,Analytical,Deliberate,Medium,"Androgynous timeless command voice, calm and unsettling, extremely precise, restrained emotion, deliberate micro-pauses, clear Russian, no baked-in audio effects.",RA4_Design_v2,false,Approved,Faction=CH;Event=RESOURCES_DEPLETED;Variant=01
CH,EVA_CH_MOIRA,RESOURCES_DEPLETED,02,Standard,3,10.0,CG_Economy,DropIfBusy,Истощение квантового узла,Плотность рудной жилы снизилась до нуля.,Плотность рудной жилы снизилась до нуля.,Analytical,Deliberate,Medium,"Androgynous timeless command voice, calm and unsettling, extremely precise, restrained emotion, deliberate micro-pauses, clear Russian, no baked-in audio effects.",RA4_Design_v2,false,Approved,Faction=CH;Event=RESOURCES_DEPLETED;Variant=02
CH,EVA_CH_MOIRA,RESOURCES_DEPLETED,03,Standard,3,10.0,CG_Economy,DropIfBusy,Истощение квантового узла,Переместите «Вероятник» на новое месторождение.,Переместите Вероятник на новое месторождение.,Analytical,Deliberate,Medium,"Androgynous timeless command voice, calm and unsettling, extremely precise, restrained emotion, deliberate micro-pauses, clear Russian, no baked-in audio effects.",RA4_Design_v2,false,Approved,Faction=CH;Event=RESOURCES_DEPLETED;Variant=03
