Faction,UnitId,VoiceId,EventTag,Variant,TextRu,SoundWave,Priority,CooldownSeconds,Weight,Status,SourceLine
Soviet,SU_RubezhRifleman,V_SU_RubezhRifleman_Selected,Voice.Selected,01,Мотострелок МС-12 «Рубеж» на связи.,SoundWave'/Game/Audio/VO/Soviet/SU_RubezhRifleman/Selected_01.Selected_01',Normal,2.0,1.0,MissingSoundWave,304
Soviet,SU_RubezhRifleman,V_SU_RubezhRifleman_Move,Voice.Move,01,"Бежим, пока дорога свободна.",SoundWave'/Game/Audio/VO/Soviet/SU_RubezhRifleman/Move_01.Move_01',Normal,2.0,1.0,MissingSoundWave,305
Soviet,SU_RubezhRifleman,V_SU_RubezhRifleman_Attack,Voice.Attack,01,Цель вижу. Открываю огонь.,SoundWave'/Game/Audio/VO/Soviet/SU_RubezhRifleman/Attack_01.Attack_01',Normal,2.0,1.0,MissingSoundWave,306
Soviet,SU_RubezhRifleman,V_SU_RubezhRifleman_Ability,Voice.Ability,01,В землю! Держим позицию!,SoundWave'/Game/Audio/VO/Soviet/SU_RubezhRifleman/Ability_01.Ability_01',Normal,2.0,1.0,MissingSoundWave,307
Soviet,SU_RubezhRifleman,V_SU_RubezhRifleman_Damaged,Voice.Damaged,01,Нас прижали!,SoundWave'/Game/Audio/VO/Soviet/SU_RubezhRifleman/Damaged_01.Damaged_01',Normal,2.0,1.0,MissingSoundWave,308
Soviet,SU_RubezhRifleman,V_SU_RubezhRifleman_Elite,Voice.Elite,01,Теперь мы не просто пополнение.,SoundWave'/Game/Audio/VO/Soviet/SU_RubezhRifleman/Elite_01.Elite_01',Normal,2.0,1.0,MissingSoundWave,309
Soviet,SU_RubezhRifleman,V_SU_RubezhRifleman_Idle,Voice.Idle,01,Обещали форму потеплее.,SoundWave'/Game/Audio/VO/Soviet/SU_RubezhRifleman/Idle_01.Idle_01',Normal,2.0,1.0,MissingSoundWave,310
Soviet,SU_RubezhRifleman,V_SU_RubezhRifleman_Death,Voice.Death,01,Передайте… позицию держали.,SoundWave'/Game/Audio/VO/Soviet/SU_RubezhRifleman/Death_01.Death_01',Normal,2.0,1.0,MissingSoundWave,311
Soviet,SU_ZapalGrenadier,V_SU_ZapalGrenadier_Selected,Voice.Selected,01,Гранаты снаряжены.,SoundWave'/Game/Audio/VO/Soviet/SU_ZapalGrenadier/Selected_01.Selected_01',Normal,2.0,1.0,MissingSoundWave,344
Soviet,SU_ZapalGrenadier,V_SU_ZapalGrenadier_Move,Voice.Move,01,Подойдём на бросок.,SoundWave'/Game/Audio/VO/Soviet/SU_ZapalGrenadier/Move_01.Move_01',Normal,2.0,1.0,MissingSoundWave,345
Soviet,SU_ZapalGrenadier,V_SU_ZapalGrenadier_Attack,Voice.Attack,01,Накрываю сектор!,SoundWave'/Game/Audio/VO/Soviet/SU_ZapalGrenadier/Attack_01.Attack_01',Normal,2.0,1.0,MissingSoundWave,346
Soviet,SU_ZapalGrenadier,V_SU_ZapalGrenadier_Ability,Voice.Ability,01,Термобарический — внутрь!,SoundWave'/Game/Audio/VO/Soviet/SU_ZapalGrenadier/Ability_01.Ability_01',Normal,2.0,1.0,MissingSoundWave,347
Soviet,SU_ZapalGrenadier,V_SU_ZapalGrenadier_Damaged,Voice.Damaged,01,Осколками задело!,SoundWave'/Game/Audio/VO/Soviet/SU_ZapalGrenadier/Damaged_01.Damaged_01',Normal,2.0,1.0,MissingSoundWave,348
Soviet,SU_ZapalGrenadier,V_SU_ZapalGrenadier_Elite,Voice.Elite,01,Теперь попадаю с первого броска.,SoundWave'/Game/Audio/VO/Soviet/SU_ZapalGrenadier/Elite_01.Elite_01',Normal,2.0,1.0,MissingSoundWave,349
Soviet,SU_ZapalGrenadier,V_SU_ZapalGrenadier_Idle,Voice.Idle,01,Главное — не перепутать сумки.,SoundWave'/Game/Audio/VO/Soviet/SU_ZapalGrenadier/Idle_01.Idle_01',Normal,2.0,1.0,MissingSoundWave,350
Soviet,SU_ZapalGrenadier,V_SU_ZapalGrenadier_Death,Voice.Death,01,Чека… уже выдернута…,SoundWave'/Game/Audio/VO/Soviet/SU_ZapalGrenadier/Death_01.Death_01',Normal,2.0,1.0,MissingSoundWave,351
Soviet,SU_ZaslonAATeam,V_SU_ZaslonAATeam_Selected,Voice.Selected,01,Небо под контролем.,SoundWave'/Game/Audio/VO/Soviet/SU_ZaslonAATeam/Selected_01.Selected_01',Normal,2.0,1.0,MissingSoundWave,384
Soviet,SU_ZaslonAATeam,V_SU_ZaslonAATeam_Move,Voice.Move,01,Ищу чистый сектор.,SoundWave'/Game/Audio/VO/Soviet/SU_ZaslonAATeam/Move_01.Move_01',Normal,2.0,1.0,MissingSoundWave,385
Soviet,SU_ZaslonAATeam,V_SU_ZaslonAATeam_Attack,Voice.Attack,01,Высота подтверждена. Огонь!,SoundWave'/Game/Audio/VO/Soviet/SU_ZaslonAATeam/Attack_01.Attack_01',Normal,2.0,1.0,MissingSoundWave,386
Soviet,SU_ZaslonAATeam,V_SU_ZaslonAATeam_Ability,Voice.Ability,01,Затаились. Пусть подлетят.,SoundWave'/Game/Audio/VO/Soviet/SU_ZaslonAATeam/Ability_01.Ability_01',Normal,2.0,1.0,MissingSoundWave,387
Soviet,SU_ZaslonAATeam,V_SU_ZaslonAATeam_Damaged,Voice.Damaged,01,Расчёт под обстрелом!,SoundWave'/Game/Audio/VO/Soviet/SU_ZaslonAATeam/Damaged_01.Damaged_01',Normal,2.0,1.0,MissingSoundWave,388
Soviet,SU_ZaslonAATeam,V_SU_ZaslonAATeam_Elite,Voice.Elite,01,Ни один борт не уйдёт.,SoundWave'/Game/Audio/VO/Soviet/SU_ZaslonAATeam/Elite_01.Elite_01',Normal,2.0,1.0,MissingSoundWave,389
Soviet,SU_ZaslonAATeam,V_SU_ZaslonAATeam_Idle,Voice.Idle,01,Летят красиво. Падают лучше.,SoundWave'/Game/Audio/VO/Soviet/SU_ZaslonAATeam/Idle_01.Idle_01',Normal,2.0,1.0,MissingSoundWave,390
Soviet,SU_ZaslonAATeam,V_SU_ZaslonAATeam_Death,Voice.Death,01,Небо… ваше…,SoundWave'/Game/Audio/VO/Soviet/SU_ZaslonAATeam/Death_01.Death_01',Normal,2.0,1.0,MissingSoundWave,391
Soviet,SU_MasterEngineer,V_SU_MasterEngineer_Selected,Voice.Selected,01,Инструмент есть. План бы ещё.,SoundWave'/Game/Audio/VO/Soviet/SU_MasterEngineer/Selected_01.Selected_01',Normal,2.0,1.0,MissingSoundWave,425
Soviet,SU_MasterEngineer,V_SU_MasterEngineer_Move,Voice.Move,01,Доберусь и починю.,SoundWave'/Game/Audio/VO/Soviet/SU_MasterEngineer/Move_01.Move_01',Normal,2.0,1.0,MissingSoundWave,426
Soviet,SU_MasterEngineer,V_SU_MasterEngineer_Attack,Voice.Attack,01,Я не стрелок. Покажите объект.,SoundWave'/Game/Audio/VO/Soviet/SU_MasterEngineer/Attack_01.Attack_01',Normal,2.0,1.0,MissingSoundWave,427
Soviet,SU_MasterEngineer,V_SU_MasterEngineer_Ability,Voice.Ability,01,Сейчас заведём эту развалину.,SoundWave'/Game/Audio/VO/Soviet/SU_MasterEngineer/Ability_01.Ability_01',Normal,2.0,1.0,MissingSoundWave,428
Soviet,SU_MasterEngineer,V_SU_MasterEngineer_Damaged,Voice.Damaged,01,Инженера прикройте!,SoundWave'/Game/Audio/VO/Soviet/SU_MasterEngineer/Damaged_01.Damaged_01',Normal,2.0,1.0,MissingSoundWave,429
Soviet,SU_MasterEngineer,V_SU_MasterEngineer_Elite,Voice.Elite,01,"Я починю даже то, чего ещё не построили.",SoundWave'/Game/Audio/VO/Soviet/SU_MasterEngineer/Elite_01.Elite_01',Normal,2.0,1.0,MissingSoundWave,430
Soviet,SU_MasterEngineer,V_SU_MasterEngineer_Idle,Voice.Idle,01,По инструкции это должно было работать.,SoundWave'/Game/Audio/VO/Soviet/SU_MasterEngineer/Idle_01.Idle_01',Normal,2.0,1.0,MissingSoundWave,431
Soviet,SU_MasterEngineer,V_SU_MasterEngineer_Death,Voice.Death,01,Схема… была верной…,SoundWave'/Game/Audio/VO/Soviet/SU_MasterEngineer/Death_01.Death_01',Normal,2.0,1.0,MissingSoundWave,432
Soviet,SU_RazryadTrooper,V_SU_RazryadTrooper_Selected,Voice.Selected,01,Контур заряжен.,SoundWave'/Game/Audio/VO/Soviet/SU_RazryadTrooper/Selected_01.Selected_01',Normal,2.0,1.0,MissingSoundWave,465
Soviet,SU_RazryadTrooper,V_SU_RazryadTrooper_Move,Voice.Move,01,Ток пойдёт за нами.,SoundWave'/Game/Audio/VO/Soviet/SU_RazryadTrooper/Move_01.Move_01',Normal,2.0,1.0,MissingSoundWave,466
Soviet,SU_RazryadTrooper,V_SU_RazryadTrooper_Attack,Voice.Attack,01,Разряд на цель!,SoundWave'/Game/Audio/VO/Soviet/SU_RazryadTrooper/Attack_01.Attack_01',Normal,2.0,1.0,MissingSoundWave,467
Soviet,SU_RazryadTrooper,V_SU_RazryadTrooper_Ability,Voice.Ability,01,Перегрузка сети!,SoundWave'/Game/Audio/VO/Soviet/SU_RazryadTrooper/Ability_01.Ability_01',Normal,2.0,1.0,MissingSoundWave,468
Soviet,SU_RazryadTrooper,V_SU_RazryadTrooper_Damaged,Voice.Damaged,01,Изоляция пробита!,SoundWave'/Game/Audio/VO/Soviet/SU_RazryadTrooper/Damaged_01.Damaged_01',Normal,2.0,1.0,MissingSoundWave,469
Soviet,SU_RazryadTrooper,V_SU_RazryadTrooper_Elite,Voice.Elite,01,Молния слушается меня.,SoundWave'/Game/Audio/VO/Soviet/SU_RazryadTrooper/Elite_01.Elite_01',Normal,2.0,1.0,MissingSoundWave,470
Soviet,SU_RazryadTrooper,V_SU_RazryadTrooper_Idle,Voice.Idle,01,Не трогайте кабель. Последнее предупреждение.,SoundWave'/Game/Audio/VO/Soviet/SU_RazryadTrooper/Idle_01.Idle_01',Normal,2.0,1.0,MissingSoundWave,471
Soviet,SU_RazryadTrooper,V_SU_RazryadTrooper_Death,Voice.Death,01,Заземление… не сработало…,SoundWave'/Game/Audio/VO/Soviet/SU_RazryadTrooper/Death_01.Death_01',Normal,2.0,1.0,MissingSoundWave,472
Soviet,SU_VektorOfficer,V_SU_VektorOfficer_Selected,Voice.Selected,01,Связь с фронтом установлена.,SoundWave'/Game/Audio/VO/Soviet/SU_VektorOfficer/Selected_01.Selected_01',Normal,2.0,1.0,MissingSoundWave,506
Soviet,SU_VektorOfficer,V_SU_VektorOfficer_Move,Voice.Move,01,Передаю новый рубеж.,SoundWave'/Game/Audio/VO/Soviet/SU_VektorOfficer/Move_01.Move_01',Normal,2.0,1.0,MissingSoundWave,507
Soviet,SU_VektorOfficer,V_SU_VektorOfficer_Attack,Voice.Attack,01,Приказ утверждён. Уничтожить.,SoundWave'/Game/Audio/VO/Soviet/SU_VektorOfficer/Attack_01.Attack_01',Normal,2.0,1.0,MissingSoundWave,508
Soviet,SU_VektorOfficer,V_SU_VektorOfficer_Ability,Voice.Ability,01,Первый приказ: ни шага назад!,SoundWave'/Game/Audio/VO/Soviet/SU_VektorOfficer/Ability_01.Ability_01',Normal,2.0,1.0,MissingSoundWave,509
Soviet,SU_VektorOfficer,V_SU_VektorOfficer_Damaged,Voice.Damaged,01,Канал под огнём!,SoundWave'/Game/Audio/VO/Soviet/SU_VektorOfficer/Damaged_01.Damaged_01',Normal,2.0,1.0,MissingSoundWave,510
Soviet,SU_VektorOfficer,V_SU_VektorOfficer_Elite,Voice.Elite,01,Теперь армия слышит меня без помех.,SoundWave'/Game/Audio/VO/Soviet/SU_VektorOfficer/Elite_01.Elite_01',Normal,2.0,1.0,MissingSoundWave,511
Soviet,SU_VektorOfficer,V_SU_VektorOfficer_Idle,Voice.Idle,01,Молчание в эфире подозрительнее стрельбы.,SoundWave'/Game/Audio/VO/Soviet/SU_VektorOfficer/Idle_01.Idle_01',Normal,2.0,1.0,MissingSoundWave,512
Soviet,SU_VektorOfficer,V_SU_VektorOfficer_Death,Voice.Death,01,Командование… продолжайте без меня.,SoundWave'/Game/Audio/VO/Soviet/SU_VektorOfficer/Death_01.Death_01',Normal,2.0,1.0,MissingSoundWave,513
Soviet,SU_BogatyrOreCarrier,V_SU_BogatyrOreCarrier_Selected,Voice.Selected,01,Богатырь готов к рейсу.,SoundWave'/Game/Audio/VO/Soviet/SU_BogatyrOreCarrier/Selected_01.Selected_01',Normal,2.0,1.0,MissingSoundWave,546
Soviet,SU_BogatyrOreCarrier,V_SU_BogatyrOreCarrier_Move,Voice.Move,01,Тяжёлый груз идёт.,SoundWave'/Game/Audio/VO/Soviet/SU_BogatyrOreCarrier/Move_01.Move_01',Normal,2.0,1.0,MissingSoundWave,547
Soviet,SU_BogatyrOreCarrier,V_SU_BogatyrOreCarrier_Attack,Voice.Attack,01,Оружия нет. Могу переехать.,SoundWave'/Game/Audio/VO/Soviet/SU_BogatyrOreCarrier/Attack_01.Attack_01',Normal,2.0,1.0,MissingSoundWave,548
Soviet,SU_BogatyrOreCarrier,V_SU_BogatyrOreCarrier_Ability,Voice.Ability,01,Закрываю броневые шторки.,SoundWave'/Game/Audio/VO/Soviet/SU_BogatyrOreCarrier/Ability_01.Ability_01',Normal,2.0,1.0,MissingSoundWave,549
Soviet,SU_BogatyrOreCarrier,V_SU_BogatyrOreCarrier_Damaged,Voice.Damaged,01,Обшивка держит!,SoundWave'/Game/Audio/VO/Soviet/SU_BogatyrOreCarrier/Damaged_01.Damaged_01',Normal,2.0,1.0,MissingSoundWave,550
Soviet,SU_BogatyrOreCarrier,V_SU_BogatyrOreCarrier_Elite,Voice.Elite,01,Маршрут знаю лучше генералов.,SoundWave'/Game/Audio/VO/Soviet/SU_BogatyrOreCarrier/Elite_01.Elite_01',Normal,2.0,1.0,MissingSoundWave,551
Soviet,SU_BogatyrOreCarrier,V_SU_BogatyrOreCarrier_Idle,Voice.Idle,01,Руда сама себя не привезёт.,SoundWave'/Game/Audio/VO/Soviet/SU_BogatyrOreCarrier/Idle_01.Idle_01',Normal,2.0,1.0,MissingSoundWave,552
Soviet,SU_BogatyrOreCarrier,V_SU_BogatyrOreCarrier_Death,Voice.Death,01,Груз… не доставлен…,SoundWave'/Game/Audio/VO/Soviet/SU_BogatyrOreCarrier/Death_01.Death_01',Normal,2.0,1.0,MissingSoundWave,553
Soviet,SU_RysScout,V_SU_RysScout_Selected,Voice.Selected,01,Рысь вышла на маршрут.,SoundWave'/Game/Audio/VO/Soviet/SU_RysScout/Selected_01.Selected_01',Normal,2.0,1.0,MissingSoundWave,586
Soviet,SU_RysScout,V_SU_RysScout_Move,Voice.Move,01,Уже там.,SoundWave'/Game/Audio/VO/Soviet/SU_RysScout/Move_01.Move_01',Normal,2.0,1.0,MissingSoundWave,587
Soviet,SU_RysScout,V_SU_RysScout_Attack,Voice.Attack,01,Срезаем хвост колонне!,SoundWave'/Game/Audio/VO/Soviet/SU_RysScout/Attack_01.Attack_01',Normal,2.0,1.0,MissingSoundWave,588
Soviet,SU_RysScout,V_SU_RysScout_Ability,Voice.Ability,01,Перепрыгиваем!,SoundWave'/Game/Audio/VO/Soviet/SU_RysScout/Ability_01.Ability_01',Normal,2.0,1.0,MissingSoundWave,589
Soviet,SU_RysScout,V_SU_RysScout_Damaged,Voice.Damaged,01,"Броня тонкая, не стойте!",SoundWave'/Game/Audio/VO/Soviet/SU_RysScout/Damaged_01.Damaged_01',Normal,2.0,1.0,MissingSoundWave,590
Soviet,SU_RysScout,V_SU_RysScout_Elite,Voice.Elite,01,Я вижу фланг раньше радара.,SoundWave'/Game/Audio/VO/Soviet/SU_RysScout/Elite_01.Elite_01',Normal,2.0,1.0,MissingSoundWave,591
Soviet,SU_RysScout,V_SU_RysScout_Idle,Voice.Idle,01,Главное — не догнать собственный след.,SoundWave'/Game/Audio/VO/Soviet/SU_RysScout/Idle_01.Idle_01',Normal,2.0,1.0,MissingSoundWave,592
Soviet,SU_RysScout,V_SU_RysScout_Death,Voice.Death,01,Скорость… не спасла…,SoundWave'/Game/Audio/VO/Soviet/SU_RysScout/Death_01.Death_01',Normal,2.0,1.0,MissingSoundWave,593
Soviet,SU_GranitMBT,V_SU_GranitMBT_Selected,Voice.Selected,01,Гранит готов.,SoundWave'/Game/Audio/VO/Soviet/SU_GranitMBT/Selected_01.Selected_01',Normal,2.0,1.0,MissingSoundWave,626
Soviet,SU_GranitMBT,V_SU_GranitMBT_Move,Voice.Move,01,Гусеницы — вперёд.,SoundWave'/Game/Audio/VO/Soviet/SU_GranitMBT/Move_01.Move_01',Normal,2.0,1.0,MissingSoundWave,627
Soviet,SU_GranitMBT,V_SU_GranitMBT_Attack,Voice.Attack,01,Раздробить цель.,SoundWave'/Game/Audio/VO/Soviet/SU_GranitMBT/Attack_01.Attack_01',Normal,2.0,1.0,MissingSoundWave,628
Soviet,SU_GranitMBT,V_SU_GranitMBT_Ability,Voice.Ability,01,На таран!,SoundWave'/Game/Audio/VO/Soviet/SU_GranitMBT/Ability_01.Ability_01',Normal,2.0,1.0,MissingSoundWave,629
Soviet,SU_GranitMBT,V_SU_GranitMBT_Damaged,Voice.Damaged,01,"Лоб держит, борт подставили!",SoundWave'/Game/Audio/VO/Soviet/SU_GranitMBT/Damaged_01.Damaged_01',Normal,2.0,1.0,MissingSoundWave,630
Soviet,SU_GranitMBT,V_SU_GranitMBT_Elite,Voice.Elite,01,Сталь научилась побеждать.,SoundWave'/Game/Audio/VO/Soviet/SU_GranitMBT/Elite_01.Elite_01',Normal,2.0,1.0,MissingSoundWave,631
Soviet,SU_GranitMBT,V_SU_GranitMBT_Idle,Voice.Idle,01,Тише едешь — дольше стреляешь.,SoundWave'/Game/Audio/VO/Soviet/SU_GranitMBT/Idle_01.Idle_01',Normal,2.0,1.0,MissingSoundWave,632
Soviet,SU_GranitMBT,V_SU_GranitMBT_Death,Voice.Death,01,Башня… заклинила…,SoundWave'/Game/Audio/VO/Soviet/SU_GranitMBT/Death_01.Death_01',Normal,2.0,1.0,MissingSoundWave,633
Soviet,SU_ZarevoMLRS,V_SU_ZarevoMLRS_Selected,Voice.Selected,01,Пакет ракет заряжен.,SoundWave'/Game/Audio/VO/Soviet/SU_ZarevoMLRS/Selected_01.Selected_01',Normal,2.0,1.0,MissingSoundWave,666
Soviet,SU_ZarevoMLRS,V_SU_ZarevoMLRS_Move,Voice.Move,01,Держим дистанцию.,SoundWave'/Game/Audio/VO/Soviet/SU_ZarevoMLRS/Move_01.Move_01',Normal,2.0,1.0,MissingSoundWave,667
Soviet,SU_ZarevoMLRS,V_SU_ZarevoMLRS_Attack,Voice.Attack,01,Расчётный квадрат подтверждён.,SoundWave'/Game/Audio/VO/Soviet/SU_ZarevoMLRS/Attack_01.Attack_01',Normal,2.0,1.0,MissingSoundWave,668
Soviet,SU_ZarevoMLRS,V_SU_ZarevoMLRS_Ability,Voice.Ability,01,Поджигаем весь сектор.,SoundWave'/Game/Audio/VO/Soviet/SU_ZarevoMLRS/Ability_01.Ability_01',Normal,2.0,1.0,MissingSoundWave,669
Soviet,SU_ZarevoMLRS,V_SU_ZarevoMLRS_Damaged,Voice.Damaged,01,Пусковая под огнём!,SoundWave'/Game/Audio/VO/Soviet/SU_ZarevoMLRS/Damaged_01.Damaged_01',Normal,2.0,1.0,MissingSoundWave,670
Soviet,SU_ZarevoMLRS,V_SU_ZarevoMLRS_Elite,Voice.Elite,01,Один залп — один новый горизонт.,SoundWave'/Game/Audio/VO/Soviet/SU_ZarevoMLRS/Elite_01.Elite_01',Normal,2.0,1.0,MissingSoundWave,671
Soviet,SU_ZarevoMLRS,V_SU_ZarevoMLRS_Idle,Voice.Idle,01,Красиво горит только чужое.,SoundWave'/Game/Audio/VO/Soviet/SU_ZarevoMLRS/Idle_01.Idle_01',Normal,2.0,1.0,MissingSoundWave,672
Soviet,SU_ZarevoMLRS,V_SU_ZarevoMLRS_Death,Voice.Death,01,Боекомплект… сейчас рванёт…,SoundWave'/Game/Audio/VO/Soviet/SU_ZarevoMLRS/Death_01.Death_01',Normal,2.0,1.0,MissingSoundWave,673
Soviet,SU_GromoboyRam,V_SU_GromoboyRam_Selected,Voice.Selected,01,Громобой ждёт команды.,SoundWave'/Game/Audio/VO/Soviet/SU_GromoboyRam/Selected_01.Selected_01',Normal,2.0,1.0,MissingSoundWave,706
Soviet,SU_GromoboyRam,V_SU_GromoboyRam_Move,Voice.Move,01,К контакту.,SoundWave'/Game/Audio/VO/Soviet/SU_GromoboyRam/Move_01.Move_01',Normal,2.0,1.0,MissingSoundWave,707
Soviet,SU_GromoboyRam,V_SU_GromoboyRam_Attack,Voice.Attack,01,Замыкаю цепь!,SoundWave'/Game/Audio/VO/Soviet/SU_GromoboyRam/Attack_01.Attack_01',Normal,2.0,1.0,MissingSoundWave,708
Soviet,SU_GromoboyRam,V_SU_GromoboyRam_Ability,Voice.Ability,01,Разряд в грунт!,SoundWave'/Game/Audio/VO/Soviet/SU_GromoboyRam/Ability_01.Ability_01',Normal,2.0,1.0,MissingSoundWave,709
Soviet,SU_GromoboyRam,V_SU_GromoboyRam_Damaged,Voice.Damaged,01,Катушки перегреваются!,SoundWave'/Game/Audio/VO/Soviet/SU_GromoboyRam/Damaged_01.Damaged_01',Normal,2.0,1.0,MissingSoundWave,710
Soviet,SU_GromoboyRam,V_SU_GromoboyRam_Elite,Voice.Elite,01,Гроза теперь идёт по земле.,SoundWave'/Game/Audio/VO/Soviet/SU_GromoboyRam/Elite_01.Elite_01',Normal,2.0,1.0,MissingSoundWave,711
Soviet,SU_GromoboyRam,V_SU_GromoboyRam_Idle,Voice.Idle,01,Сухая погода — временная проблема.,SoundWave'/Game/Audio/VO/Soviet/SU_GromoboyRam/Idle_01.Idle_01',Normal,2.0,1.0,MissingSoundWave,712
Soviet,SU_GromoboyRam,V_SU_GromoboyRam_Death,Voice.Death,01,Контур… разомкнут…,SoundWave'/Game/Audio/VO/Soviet/SU_GromoboyRam/Death_01.Death_01',Normal,2.0,1.0,MissingSoundWave,713
Soviet,SU_VoevodaHeavyTank,V_SU_VoevodaHeavyTank_Selected,Voice.Selected,01,Воевода вступает в бой.,SoundWave'/Game/Audio/VO/Soviet/SU_VoevodaHeavyTank/Selected_01.Selected_01',Normal,2.0,1.0,MissingSoundWave,746
Soviet,SU_VoevodaHeavyTank,V_SU_VoevodaHeavyTank_Move,Voice.Move,01,Земля выдержит.,SoundWave'/Game/Audio/VO/Soviet/SU_VoevodaHeavyTank/Move_01.Move_01',Normal,2.0,1.0,MissingSoundWave,747
Soviet,SU_VoevodaHeavyTank,V_SU_VoevodaHeavyTank_Attack,Voice.Attack,01,Стереть координаты.,SoundWave'/Game/Audio/VO/Soviet/SU_VoevodaHeavyTank/Attack_01.Attack_01',Normal,2.0,1.0,MissingSoundWave,748
Soviet,SU_VoevodaHeavyTank,V_SU_VoevodaHeavyTank_Ability,Voice.Ability,01,Переходим в осадный режим.,SoundWave'/Game/Audio/VO/Soviet/SU_VoevodaHeavyTank/Ability_01.Ability_01',Normal,2.0,1.0,MissingSoundWave,749
Soviet,SU_VoevodaHeavyTank,V_SU_VoevodaHeavyTank_Damaged,Voice.Damaged,01,Повреждение принято. Продолжаем.,SoundWave'/Game/Audio/VO/Soviet/SU_VoevodaHeavyTank/Damaged_01.Damaged_01',Normal,2.0,1.0,MissingSoundWave,750
Soviet,SU_VoevodaHeavyTank,V_SU_VoevodaHeavyTank_Elite,Voice.Elite,01,Теперь это не танк. Это направление фронта.,SoundWave'/Game/Audio/VO/Soviet/SU_VoevodaHeavyTank/Elite_01.Elite_01',Normal,2.0,1.0,MissingSoundWave,751
Soviet,SU_VoevodaHeavyTank,V_SU_VoevodaHeavyTank_Idle,Voice.Idle,01,Мы не опаздываем. Нас ждут.,SoundWave'/Game/Audio/VO/Soviet/SU_VoevodaHeavyTank/Idle_01.Idle_01',Normal,2.0,1.0,MissingSoundWave,752
Soviet,SU_VoevodaHeavyTank,V_SU_VoevodaHeavyTank_Death,Voice.Death,01,Воевода… оставляет рубеж…,SoundWave'/Game/Audio/VO/Soviet/SU_VoevodaHeavyTank/Death_01.Death_01',Normal,2.0,1.0,MissingSoundWave,753
Soviet,SU_KrechetInterceptor,V_SU_KrechetInterceptor_Selected,Voice.Selected,01,Кречет на полосе.,SoundWave'/Game/Audio/VO/Soviet/SU_KrechetInterceptor/Selected_01.Selected_01',Normal,2.0,1.0,MissingSoundWave,786
Soviet,SU_KrechetInterceptor,V_SU_KrechetInterceptor_Move,Voice.Move,01,Курс принят.,SoundWave'/Game/Audio/VO/Soviet/SU_KrechetInterceptor/Move_01.Move_01',Normal,2.0,1.0,MissingSoundWave,787
Soviet,SU_KrechetInterceptor,V_SU_KrechetInterceptor_Attack,Voice.Attack,01,Ракеты сошли.,SoundWave'/Game/Audio/VO/Soviet/SU_KrechetInterceptor/Attack_01.Attack_01',Normal,2.0,1.0,MissingSoundWave,788
Soviet,SU_KrechetInterceptor,V_SU_KrechetInterceptor_Ability,Voice.Ability,01,Форсаж!,SoundWave'/Game/Audio/VO/Soviet/SU_KrechetInterceptor/Ability_01.Ability_01',Normal,2.0,1.0,MissingSoundWave,789
Soviet,SU_KrechetInterceptor,V_SU_KrechetInterceptor_Damaged,Voice.Damaged,01,Потеря давления!,SoundWave'/Game/Audio/VO/Soviet/SU_KrechetInterceptor/Damaged_01.Damaged_01',Normal,2.0,1.0,MissingSoundWave,790
Soviet,SU_KrechetInterceptor,V_SU_KrechetInterceptor_Elite,Voice.Elite,01,Небо стало тесным.,SoundWave'/Game/Audio/VO/Soviet/SU_KrechetInterceptor/Elite_01.Elite_01',Normal,2.0,1.0,MissingSoundWave,791
Soviet,SU_KrechetInterceptor,V_SU_KrechetInterceptor_Idle,Voice.Idle,01,Топливо любит решительных.,SoundWave'/Game/Audio/VO/Soviet/SU_KrechetInterceptor/Idle_01.Idle_01',Normal,2.0,1.0,MissingSoundWave,792
Soviet,SU_KrechetInterceptor,V_SU_KrechetInterceptor_Death,Voice.Death,01,Катапульта… отказ…,SoundWave'/Game/Audio/VO/Soviet/SU_KrechetInterceptor/Death_01.Death_01',Normal,2.0,1.0,MissingSoundWave,793
Soviet,SU_KorshunGunship,V_SU_KorshunGunship_Selected,Voice.Selected,01,Коршун готов к вылету.,SoundWave'/Game/Audio/VO/Soviet/SU_KorshunGunship/Selected_01.Selected_01',Normal,2.0,1.0,MissingSoundWave,827
Soviet,SU_KorshunGunship,V_SU_KorshunGunship_Move,Voice.Move,01,Идём на малой высоте.,SoundWave'/Game/Audio/VO/Soviet/SU_KorshunGunship/Move_01.Move_01',Normal,2.0,1.0,MissingSoundWave,828
Soviet,SU_KorshunGunship,V_SU_KorshunGunship_Attack,Voice.Attack,01,Работаем по земле!,SoundWave'/Game/Audio/VO/Soviet/SU_KorshunGunship/Attack_01.Attack_01',Normal,2.0,1.0,MissingSoundWave,829
Soviet,SU_KorshunGunship,V_SU_KorshunGunship_Ability,Voice.Ability,01,Заходим на круг!,SoundWave'/Game/Audio/VO/Soviet/SU_KorshunGunship/Ability_01.Ability_01',Normal,2.0,1.0,MissingSoundWave,830
Soviet,SU_KorshunGunship,V_SU_KorshunGunship_Damaged,Voice.Damaged,01,Хвостовой сектор повреждён!,SoundWave'/Game/Audio/VO/Soviet/SU_KorshunGunship/Damaged_01.Damaged_01',Normal,2.0,1.0,MissingSoundWave,831
Soviet,SU_KorshunGunship,V_SU_KorshunGunship_Elite,Voice.Elite,01,Пехота зовёт — мы отвечаем.,SoundWave'/Game/Audio/VO/Soviet/SU_KorshunGunship/Elite_01.Elite_01',Normal,2.0,1.0,MissingSoundWave,832
Soviet,SU_KorshunGunship,V_SU_KorshunGunship_Idle,Voice.Idle,01,В кабине пахнет топливом и победой.,SoundWave'/Game/Audio/VO/Soviet/SU_KorshunGunship/Idle_01.Idle_01',Normal,2.0,1.0,MissingSoundWave,833
Soviet,SU_KorshunGunship,V_SU_KorshunGunship_Death,Voice.Death,01,Борт падает…,SoundWave'/Game/Audio/VO/Soviet/SU_KorshunGunship/Death_01.Death_01',Normal,2.0,1.0,MissingSoundWave,834
Soviet,SU_GromadaAirship,V_SU_GromadaAirship_Selected,Voice.Selected,01,Громада в воздухе.,SoundWave'/Game/Audio/VO/Soviet/SU_GromadaAirship/Selected_01.Selected_01',Normal,2.0,1.0,MissingSoundWave,867
Soviet,SU_GromadaAirship,V_SU_GromadaAirship_Move,Voice.Move,01,Медленно. Неотвратимо.,SoundWave'/Game/Audio/VO/Soviet/SU_GromadaAirship/Move_01.Move_01',Normal,2.0,1.0,MissingSoundWave,868
Soviet,SU_GromadaAirship,V_SU_GromadaAirship_Attack,Voice.Attack,01,Открыть бомболюки.,SoundWave'/Game/Audio/VO/Soviet/SU_GromadaAirship/Attack_01.Attack_01',Normal,2.0,1.0,MissingSoundWave,869
Soviet,SU_GromadaAirship,V_SU_GromadaAirship_Ability,Voice.Ability,01,Полный газ. Двигатели на предел.,SoundWave'/Game/Audio/VO/Soviet/SU_GromadaAirship/Ability_01.Ability_01',Normal,2.0,1.0,MissingSoundWave,870
Soviet,SU_GromadaAirship,V_SU_GromadaAirship_Damaged,Voice.Damaged,01,"Обшивка горит, курс держим.",SoundWave'/Game/Audio/VO/Soviet/SU_GromadaAirship/Damaged_01.Damaged_01',Normal,2.0,1.0,MissingSoundWave,871
Soviet,SU_GromadaAirship,V_SU_GromadaAirship_Elite,Voice.Elite,01,Города узнают нас по тени.,SoundWave'/Game/Audio/VO/Soviet/SU_GromadaAirship/Elite_01.Elite_01',Normal,2.0,1.0,MissingSoundWave,872
Soviet,SU_GromadaAirship,V_SU_GromadaAirship_Idle,Voice.Idle,01,Высота хорошая. Мир кажется тише.,SoundWave'/Game/Audio/VO/Soviet/SU_GromadaAirship/Idle_01.Idle_01',Normal,2.0,1.0,MissingSoundWave,873
Soviet,SU_GromadaAirship,V_SU_GromadaAirship_Death,Voice.Death,01,Балласт… уже не поможет…,SoundWave'/Game/Audio/VO/Soviet/SU_GromadaAirship/Death_01.Death_01',Normal,2.0,1.0,MissingSoundWave,874
Soviet,SU_BuranPatrolBoat,V_SU_BuranPatrolBoat_Selected,Voice.Selected,01,Буран на воде.,SoundWave'/Game/Audio/VO/Soviet/SU_BuranPatrolBoat/Selected_01.Selected_01',Normal,2.0,1.0,MissingSoundWave,907
Soviet,SU_BuranPatrolBoat,V_SU_BuranPatrolBoat_Move,Voice.Move,01,Режем волну.,SoundWave'/Game/Audio/VO/Soviet/SU_BuranPatrolBoat/Move_01.Move_01',Normal,2.0,1.0,MissingSoundWave,908
Soviet,SU_BuranPatrolBoat,V_SU_BuranPatrolBoat_Attack,Voice.Attack,01,Цель по правому борту!,SoundWave'/Game/Audio/VO/Soviet/SU_BuranPatrolBoat/Attack_01.Attack_01',Normal,2.0,1.0,MissingSoundWave,909
Soviet,SU_BuranPatrolBoat,V_SU_BuranPatrolBoat_Ability,Voice.Ability,01,Сеть в воду!,SoundWave'/Game/Audio/VO/Soviet/SU_BuranPatrolBoat/Ability_01.Ability_01',Normal,2.0,1.0,MissingSoundWave,910
Soviet,SU_BuranPatrolBoat,V_SU_BuranPatrolBoat_Damaged,Voice.Damaged,01,Корпус принимает воду!,SoundWave'/Game/Audio/VO/Soviet/SU_BuranPatrolBoat/Damaged_01.Damaged_01',Normal,2.0,1.0,MissingSoundWave,911
Soviet,SU_BuranPatrolBoat,V_SU_BuranPatrolBoat_Elite,Voice.Elite,01,Море запомнило наш след.,SoundWave'/Game/Audio/VO/Soviet/SU_BuranPatrolBoat/Elite_01.Elite_01',Normal,2.0,1.0,MissingSoundWave,912
Soviet,SU_BuranPatrolBoat,V_SU_BuranPatrolBoat_Idle,Voice.Idle,01,Штиль — это просто пауза.,SoundWave'/Game/Audio/VO/Soviet/SU_BuranPatrolBoat/Idle_01.Idle_01',Normal,2.0,1.0,MissingSoundWave,913
Soviet,SU_BuranPatrolBoat,V_SU_BuranPatrolBoat_Death,Voice.Death,01,Отсек затоплен…,SoundWave'/Game/Audio/VO/Soviet/SU_BuranPatrolBoat/Death_01.Death_01',Normal,2.0,1.0,MissingSoundWave,914
Soviet,SU_MorokSubmarine,V_SU_MorokSubmarine_Selected,Voice.Selected,01,Морок слушает глубину.,SoundWave'/Game/Audio/VO/Soviet/SU_MorokSubmarine/Selected_01.Selected_01',Normal,2.0,1.0,MissingSoundWave,947
Soviet,SU_MorokSubmarine,V_SU_MorokSubmarine_Move,Voice.Move,01,Погружаемся.,SoundWave'/Game/Audio/VO/Soviet/SU_MorokSubmarine/Move_01.Move_01',Normal,2.0,1.0,MissingSoundWave,948
Soviet,SU_MorokSubmarine,V_SU_MorokSubmarine_Attack,Voice.Attack,01,Торпедный раствор открыт.,SoundWave'/Game/Audio/VO/Soviet/SU_MorokSubmarine/Attack_01.Attack_01',Normal,2.0,1.0,MissingSoundWave,949
Soviet,SU_MorokSubmarine,V_SU_MorokSubmarine_Ability,Voice.Ability,01,Беззвучный ход.,SoundWave'/Game/Audio/VO/Soviet/SU_MorokSubmarine/Ability_01.Ability_01',Normal,2.0,1.0,MissingSoundWave,950
Soviet,SU_MorokSubmarine,V_SU_MorokSubmarine_Damaged,Voice.Damaged,01,Прочный корпус деформирован!,SoundWave'/Game/Audio/VO/Soviet/SU_MorokSubmarine/Damaged_01.Damaged_01',Normal,2.0,1.0,MissingSoundWave,951
Soviet,SU_MorokSubmarine,V_SU_MorokSubmarine_Elite,Voice.Elite,01,В море нас замечают слишком поздно.,SoundWave'/Game/Audio/VO/Soviet/SU_MorokSubmarine/Elite_01.Elite_01',Normal,2.0,1.0,MissingSoundWave,952
Soviet,SU_MorokSubmarine,V_SU_MorokSubmarine_Idle,Voice.Idle,01,Наверху шумят. Здесь думают.,SoundWave'/Game/Audio/VO/Soviet/SU_MorokSubmarine/Idle_01.Idle_01',Normal,2.0,1.0,MissingSoundWave,953
Soviet,SU_MorokSubmarine,V_SU_MorokSubmarine_Death,Voice.Death,01,Глубина… принимает…,SoundWave'/Game/Audio/VO/Soviet/SU_MorokSubmarine/Death_01.Death_01',Normal,2.0,1.0,MissingSoundWave,954
Soviet,SU_SvyatogorCruiser,V_SU_SvyatogorCruiser_Selected,Voice.Selected,01,Святогор ждёт координаты.,SoundWave'/Game/Audio/VO/Soviet/SU_SvyatogorCruiser/Selected_01.Selected_01',Normal,2.0,1.0,MissingSoundWave,987
Soviet,SU_SvyatogorCruiser,V_SU_SvyatogorCruiser_Move,Voice.Move,01,Крейсер меняет позицию.,SoundWave'/Game/Audio/VO/Soviet/SU_SvyatogorCruiser/Move_01.Move_01',Normal,2.0,1.0,MissingSoundWave,988
Soviet,SU_SvyatogorCruiser,V_SU_SvyatogorCruiser_Attack,Voice.Attack,01,Ракетный залп.,SoundWave'/Game/Audio/VO/Soviet/SU_SvyatogorCruiser/Attack_01.Attack_01',Normal,2.0,1.0,MissingSoundWave,989
Soviet,SU_SvyatogorCruiser,V_SU_SvyatogorCruiser_Ability,Voice.Ability,01,Заградительный огонь по сектору.,SoundWave'/Game/Audio/VO/Soviet/SU_SvyatogorCruiser/Ability_01.Ability_01',Normal,2.0,1.0,MissingSoundWave,990
Soviet,SU_SvyatogorCruiser,V_SU_SvyatogorCruiser_Damaged,Voice.Damaged,01,Палуба пробита!,SoundWave'/Game/Audio/VO/Soviet/SU_SvyatogorCruiser/Damaged_01.Damaged_01',Normal,2.0,1.0,MissingSoundWave,991
Soviet,SU_SvyatogorCruiser,V_SU_SvyatogorCruiser_Elite,Voice.Elite,01,"Берег заканчивается там, где начинаются наши ракеты.",SoundWave'/Game/Audio/VO/Soviet/SU_SvyatogorCruiser/Elite_01.Elite_01',Normal,2.0,1.0,MissingSoundWave,992
Soviet,SU_SvyatogorCruiser,V_SU_SvyatogorCruiser_Idle,Voice.Idle,01,Море большое. Дальность больше.,SoundWave'/Game/Audio/VO/Soviet/SU_SvyatogorCruiser/Idle_01.Idle_01',Normal,2.0,1.0,MissingSoundWave,993
Soviet,SU_SvyatogorCruiser,V_SU_SvyatogorCruiser_Death,Voice.Death,01,Погреба… детонируют…,SoundWave'/Game/Audio/VO/Soviet/SU_SvyatogorCruiser/Death_01.Death_01',Normal,2.0,1.0,MissingSoundWave,994
Soviet,SU_Hero_Morozova,V_SU_Hero_Morozova_Selected,Voice.Selected,01,Майор Морозова. Докладывайте.,SoundWave'/Game/Audio/VO/Soviet/SU_Hero_Morozova/Selected_01.Selected_01',Normal,2.0,1.0,MissingSoundWave,1029
Soviet,SU_Hero_Morozova,V_SU_Hero_Morozova_Move,Voice.Move,01,Я буду на передовой.,SoundWave'/Game/Audio/VO/Soviet/SU_Hero_Morozova/Move_01.Move_01',Normal,2.0,1.0,MissingSoundWave,1030
Soviet,SU_Hero_Morozova,V_SU_Hero_Morozova_Attack,Voice.Attack,01,Этот участок фронта закрываем сейчас.,SoundWave'/Game/Audio/VO/Soviet/SU_Hero_Morozova/Attack_01.Attack_01',Normal,2.0,1.0,MissingSoundWave,1031
Soviet,SU_Hero_Morozova,V_SU_Hero_Morozova_Ability,Voice.Ability,01,Подавить их связь и движение.,SoundWave'/Game/Audio/VO/Soviet/SU_Hero_Morozova/Ability_01.Ability_01',Normal,2.0,1.0,MissingSoundWave,1032
Soviet,SU_Hero_Morozova,V_SU_Hero_Morozova_Damaged,Voice.Damaged,01,Царапина. Приказ не меняется.,SoundWave'/Game/Audio/VO/Soviet/SU_Hero_Morozova/Damaged_01.Damaged_01',Normal,2.0,1.0,MissingSoundWave,1033
Soviet,SU_Hero_Morozova,V_SU_Hero_Morozova_Elite,Voice.Elite,01,Сегодня фронт движется вместе со мной.,SoundWave'/Game/Audio/VO/Soviet/SU_Hero_Morozova/Elite_01.Elite_01',Normal,2.0,1.0,MissingSoundWave,1034
Soviet,SU_Hero_Morozova,V_SU_Hero_Morozova_Idle,Voice.Idle,01,Генералы любят карты. Я предпочитаю местность.,SoundWave'/Game/Audio/VO/Soviet/SU_Hero_Morozova/Idle_01.Idle_01',Normal,2.0,1.0,MissingSoundWave,1035
Soviet,SU_Hero_Morozova,V_SU_Hero_Morozova_Death,Voice.Death,01,Продолжайте… наступление…,SoundWave'/Game/Audio/VO/Soviet/SU_Hero_Morozova/Death_01.Death_01',Normal,2.0,1.0,MissingSoundWave,1036
Alliance,AL_SentinelRifleman,V_AL_SentinelRifleman_Selected,Voice.Selected,01,Стрелок M6 «Sentinel» готов.,SoundWave'/Game/Audio/VO/Alliance/AL_SentinelRifleman/Selected_01.Selected_01',Normal,2.0,1.0,MissingSoundWave,1131
Alliance,AL_SentinelRifleman,V_AL_SentinelRifleman_Move,Voice.Move,01,Перехожу к точке.,SoundWave'/Game/Audio/VO/Alliance/AL_SentinelRifleman/Move_01.Move_01',Normal,2.0,1.0,MissingSoundWave,1132
Alliance,AL_SentinelRifleman,V_AL_SentinelRifleman_Attack,Voice.Attack,01,Контакт. Работаю.,SoundWave'/Game/Audio/VO/Alliance/AL_SentinelRifleman/Attack_01.Attack_01',Normal,2.0,1.0,MissingSoundWave,1133
Alliance,AL_SentinelRifleman,V_AL_SentinelRifleman_Ability,Voice.Ability,01,Светошумовая — пошла!,SoundWave'/Game/Audio/VO/Alliance/AL_SentinelRifleman/Ability_01.Ability_01',Normal,2.0,1.0,MissingSoundWave,1134
Alliance,AL_SentinelRifleman,V_AL_SentinelRifleman_Damaged,Voice.Damaged,01,"Под огнём, но в строю.",SoundWave'/Game/Audio/VO/Alliance/AL_SentinelRifleman/Damaged_01.Damaged_01',Normal,2.0,1.0,MissingSoundWave,1135
Alliance,AL_SentinelRifleman,V_AL_SentinelRifleman_Elite,Voice.Elite,01,Теперь я задаю правила контакта.,SoundWave'/Game/Audio/VO/Alliance/AL_SentinelRifleman/Elite_01.Elite_01',Normal,2.0,1.0,MissingSoundWave,1136
Alliance,AL_SentinelRifleman,V_AL_SentinelRifleman_Idle,Voice.Idle,01,Название оптимистичное. Работа — нет.,SoundWave'/Game/Audio/VO/Alliance/AL_SentinelRifleman/Idle_01.Idle_01',Normal,2.0,1.0,MissingSoundWave,1137
Alliance,AL_SentinelRifleman,V_AL_SentinelRifleman_Death,Voice.Death,01,Сектор… не удержан…,SoundWave'/Game/Audio/VO/Alliance/AL_SentinelRifleman/Death_01.Death_01',Normal,2.0,1.0,MissingSoundWave,1138
Alliance,AL_LancerTeam,V_AL_LancerTeam_Selected,Voice.Selected,01,Лансер захватил канал.,SoundWave'/Game/Audio/VO/Alliance/AL_LancerTeam/Selected_01.Selected_01',Normal,2.0,1.0,MissingSoundWave,1171
Alliance,AL_LancerTeam,V_AL_LancerTeam_Move,Voice.Move,01,Нужна чистая линия.,SoundWave'/Game/Audio/VO/Alliance/AL_LancerTeam/Move_01.Move_01',Normal,2.0,1.0,MissingSoundWave,1172
Alliance,AL_LancerTeam,V_AL_LancerTeam_Attack,Voice.Attack,01,Цель подсвечена. Пуск.,SoundWave'/Game/Audio/VO/Alliance/AL_LancerTeam/Attack_01.Attack_01',Normal,2.0,1.0,MissingSoundWave,1173
Alliance,AL_LancerTeam,V_AL_LancerTeam_Ability,Voice.Ability,01,Держу метку. Бейте сейчас.,SoundWave'/Game/Audio/VO/Alliance/AL_LancerTeam/Ability_01.Ability_01',Normal,2.0,1.0,MissingSoundWave,1174
Alliance,AL_LancerTeam,V_AL_LancerTeam_Damaged,Voice.Damaged,01,Оптика повреждена!,SoundWave'/Game/Audio/VO/Alliance/AL_LancerTeam/Damaged_01.Damaged_01',Normal,2.0,1.0,MissingSoundWave,1175
Alliance,AL_LancerTeam,V_AL_LancerTeam_Elite,Voice.Elite,01,Я вижу слабое место раньше инженера.,SoundWave'/Game/Audio/VO/Alliance/AL_LancerTeam/Elite_01.Elite_01',Normal,2.0,1.0,MissingSoundWave,1176
Alliance,AL_LancerTeam,V_AL_LancerTeam_Idle,Voice.Idle,01,Ракета дорогая. Промах — ещё дороже.,SoundWave'/Game/Audio/VO/Alliance/AL_LancerTeam/Idle_01.Idle_01',Normal,2.0,1.0,MissingSoundWave,1177
Alliance,AL_LancerTeam,V_AL_LancerTeam_Death,Voice.Death,01,Метка… потеряна…,SoundWave'/Game/Audio/VO/Alliance/AL_LancerTeam/Death_01.Death_01',Normal,2.0,1.0,MissingSoundWave,1178
Alliance,AL_FieldEngineer,V_AL_FieldEngineer_Selected,Voice.Selected,01,Инженерная группа онлайн.,SoundWave'/Game/Audio/VO/Alliance/AL_FieldEngineer/Selected_01.Selected_01',Normal,2.0,1.0,MissingSoundWave,1211
Alliance,AL_FieldEngineer,V_AL_FieldEngineer_Move,Voice.Move,01,Маршрут построен.,SoundWave'/Game/Audio/VO/Alliance/AL_FieldEngineer/Move_01.Move_01',Normal,2.0,1.0,MissingSoundWave,1212
Alliance,AL_FieldEngineer,V_AL_FieldEngineer_Attack,Voice.Attack,01,У меня нет боевого пакета.,SoundWave'/Game/Audio/VO/Alliance/AL_FieldEngineer/Attack_01.Attack_01',Normal,2.0,1.0,MissingSoundWave,1213
Alliance,AL_FieldEngineer,V_AL_FieldEngineer_Ability,Voice.Ability,01,Ремонтные дроны — в работу.,SoundWave'/Game/Audio/VO/Alliance/AL_FieldEngineer/Ability_01.Ability_01',Normal,2.0,1.0,MissingSoundWave,1214
Alliance,AL_FieldEngineer,V_AL_FieldEngineer_Damaged,Voice.Damaged,01,Защита костюма нарушена!,SoundWave'/Game/Audio/VO/Alliance/AL_FieldEngineer/Damaged_01.Damaged_01',Normal,2.0,1.0,MissingSoundWave,1215
Alliance,AL_FieldEngineer,V_AL_FieldEngineer_Elite,Voice.Elite,01,Поломка — это просто незавершённое решение.,SoundWave'/Game/Audio/VO/Alliance/AL_FieldEngineer/Elite_01.Elite_01',Normal,2.0,1.0,MissingSoundWave,1216
Alliance,AL_FieldEngineer,V_AL_FieldEngineer_Idle,Voice.Idle,01,Проектировали без доступа к инструкции. Классика.,SoundWave'/Game/Audio/VO/Alliance/AL_FieldEngineer/Idle_01.Idle_01',Normal,2.0,1.0,MissingSoundWave,1217
Alliance,AL_FieldEngineer,V_AL_FieldEngineer_Death,Voice.Death,01,Дроны… завершите ремонт…,SoundWave'/Game/Audio/VO/Alliance/AL_FieldEngineer/Death_01.Death_01',Normal,2.0,1.0,MissingSoundWave,1218
Alliance,AL_LongwatchSniper,V_AL_LongwatchSniper_Selected,Voice.Selected,01,Снайпер R-9 «Longwatch» наблюдает.,SoundWave'/Game/Audio/VO/Alliance/AL_LongwatchSniper/Selected_01.Selected_01',Normal,2.0,1.0,MissingSoundWave,1251
Alliance,AL_LongwatchSniper,V_AL_LongwatchSniper_Move,Voice.Move,01,Иду по мёртвой зоне.,SoundWave'/Game/Audio/VO/Alliance/AL_LongwatchSniper/Move_01.Move_01',Normal,2.0,1.0,MissingSoundWave,1252
Alliance,AL_LongwatchSniper,V_AL_LongwatchSniper_Attack,Voice.Attack,01,Один выстрел.,SoundWave'/Game/Audio/VO/Alliance/AL_LongwatchSniper/Attack_01.Attack_01',Normal,2.0,1.0,MissingSoundWave,1253
Alliance,AL_LongwatchSniper,V_AL_LongwatchSniper_Ability,Voice.Ability,01,Растворяюсь в фоне.,SoundWave'/Game/Audio/VO/Alliance/AL_LongwatchSniper/Ability_01.Ability_01',Normal,2.0,1.0,MissingSoundWave,1254
Alliance,AL_LongwatchSniper,V_AL_LongwatchSniper_Damaged,Voice.Damaged,01,Позиция раскрыта!,SoundWave'/Game/Audio/VO/Alliance/AL_LongwatchSniper/Damaged_01.Damaged_01',Normal,2.0,1.0,MissingSoundWave,1255
Alliance,AL_LongwatchSniper,V_AL_LongwatchSniper_Elite,Voice.Elite,01,Я уже видел их следующий шаг.,SoundWave'/Game/Audio/VO/Alliance/AL_LongwatchSniper/Elite_01.Elite_01',Normal,2.0,1.0,MissingSoundWave,1256
Alliance,AL_LongwatchSniper,V_AL_LongwatchSniper_Idle,Voice.Idle,01,Тишина — лучший камуфляж.,SoundWave'/Game/Audio/VO/Alliance/AL_LongwatchSniper/Idle_01.Idle_01',Normal,2.0,1.0,MissingSoundWave,1257
Alliance,AL_LongwatchSniper,V_AL_LongwatchSniper_Death,Voice.Death,01,Контакт… оборван…,SoundWave'/Game/Audio/VO/Alliance/AL_LongwatchSniper/Death_01.Death_01',Normal,2.0,1.0,MissingSoundWave,1258
Alliance,AL_LifelineMedic,V_AL_LifelineMedic_Selected,Voice.Selected,01,Медицинский канал открыт.,SoundWave'/Game/Audio/VO/Alliance/AL_LifelineMedic/Selected_01.Selected_01',Normal,2.0,1.0,MissingSoundWave,1291
Alliance,AL_LifelineMedic,V_AL_LifelineMedic_Move,Voice.Move,01,Иду к раненым.,SoundWave'/Game/Audio/VO/Alliance/AL_LifelineMedic/Move_01.Move_01',Normal,2.0,1.0,MissingSoundWave,1292
Alliance,AL_LifelineMedic,V_AL_LifelineMedic_Attack,Voice.Attack,01,"Я лечу, а не стреляю.",SoundWave'/Game/Audio/VO/Alliance/AL_LifelineMedic/Attack_01.Attack_01',Normal,2.0,1.0,MissingSoundWave,1293
Alliance,AL_LifelineMedic,V_AL_LifelineMedic_Ability,Voice.Ability,01,Стабилизация началась.,SoundWave'/Game/Audio/VO/Alliance/AL_LifelineMedic/Ability_01.Ability_01',Normal,2.0,1.0,MissingSoundWave,1294
Alliance,AL_LifelineMedic,V_AL_LifelineMedic_Damaged,Voice.Damaged,01,Медику нужна помощь!,SoundWave'/Game/Audio/VO/Alliance/AL_LifelineMedic/Damaged_01.Damaged_01',Normal,2.0,1.0,MissingSoundWave,1295
Alliance,AL_LifelineMedic,V_AL_LifelineMedic_Elite,Voice.Elite,01,Сегодня никто не остаётся на поле.,SoundWave'/Game/Audio/VO/Alliance/AL_LifelineMedic/Elite_01.Elite_01',Normal,2.0,1.0,MissingSoundWave,1296
Alliance,AL_LifelineMedic,V_AL_LifelineMedic_Idle,Voice.Idle,01,Лучшее лечение — не попадать под огонь.,SoundWave'/Game/Audio/VO/Alliance/AL_LifelineMedic/Idle_01.Idle_01',Normal,2.0,1.0,MissingSoundWave,1297
Alliance,AL_LifelineMedic,V_AL_LifelineMedic_Death,Voice.Death,01,Аптечка… рядом…,SoundWave'/Game/Audio/VO/Alliance/AL_LifelineMedic/Death_01.Death_01',Normal,2.0,1.0,MissingSoundWave,1298
Alliance,AL_FrostlineSpecialist,V_AL_FrostlineSpecialist_Selected,Voice.Selected,01,Криосистема стабильна.,SoundWave'/Game/Audio/VO/Alliance/AL_FrostlineSpecialist/Selected_01.Selected_01',Normal,2.0,1.0,MissingSoundWave,1331
Alliance,AL_FrostlineSpecialist,V_AL_FrostlineSpecialist_Move,Voice.Move,01,Температуру снижаем по пути.,SoundWave'/Game/Audio/VO/Alliance/AL_FrostlineSpecialist/Move_01.Move_01',Normal,2.0,1.0,MissingSoundWave,1332
Alliance,AL_FrostlineSpecialist,V_AL_FrostlineSpecialist_Attack,Voice.Attack,01,Охлаждаю цель.,SoundWave'/Game/Audio/VO/Alliance/AL_FrostlineSpecialist/Attack_01.Attack_01',Normal,2.0,1.0,MissingSoundWave,1333
Alliance,AL_FrostlineSpecialist,V_AL_FrostlineSpecialist_Ability,Voice.Ability,01,Полная заморозка.,SoundWave'/Game/Audio/VO/Alliance/AL_FrostlineSpecialist/Ability_01.Ability_01',Normal,2.0,1.0,MissingSoundWave,1334
Alliance,AL_FrostlineSpecialist,V_AL_FrostlineSpecialist_Damaged,Voice.Damaged,01,Контур хладагента пробит!,SoundWave'/Game/Audio/VO/Alliance/AL_FrostlineSpecialist/Damaged_01.Damaged_01',Normal,2.0,1.0,MissingSoundWave,1335
Alliance,AL_FrostlineSpecialist,V_AL_FrostlineSpecialist_Elite,Voice.Elite,01,Абсолютный ноль всё ещё недостижим. Но мы близко.,SoundWave'/Game/Audio/VO/Alliance/AL_FrostlineSpecialist/Elite_01.Elite_01',Normal,2.0,1.0,MissingSoundWave,1336
Alliance,AL_FrostlineSpecialist,V_AL_FrostlineSpecialist_Idle,Voice.Idle,01,Не облизывайте оборудование.,SoundWave'/Game/Audio/VO/Alliance/AL_FrostlineSpecialist/Idle_01.Idle_01',Normal,2.0,1.0,MissingSoundWave,1337
Alliance,AL_FrostlineSpecialist,V_AL_FrostlineSpecialist_Death,Voice.Death,01,Температура… растёт…,SoundWave'/Game/Audio/VO/Alliance/AL_FrostlineSpecialist/Death_01.Death_01',Normal,2.0,1.0,MissingSoundWave,1338
Alliance,AL_PioneerHarvester,V_AL_PioneerHarvester_Selected,Voice.Selected,01,Пайонир готов к маршруту.,SoundWave'/Game/Audio/VO/Alliance/AL_PioneerHarvester/Selected_01.Selected_01',Normal,2.0,1.0,MissingSoundWave,1371
Alliance,AL_PioneerHarvester,V_AL_PioneerHarvester_Move,Voice.Move,01,Оптимизирую путь.,SoundWave'/Game/Audio/VO/Alliance/AL_PioneerHarvester/Move_01.Move_01',Normal,2.0,1.0,MissingSoundWave,1372
Alliance,AL_PioneerHarvester,V_AL_PioneerHarvester_Attack,Voice.Attack,01,Боевой пакет отсутствует.,SoundWave'/Game/Audio/VO/Alliance/AL_PioneerHarvester/Attack_01.Attack_01',Normal,2.0,1.0,MissingSoundWave,1373
Alliance,AL_PioneerHarvester,V_AL_PioneerHarvester_Ability,Voice.Ability,01,Разворачиваю полевой узел.,SoundWave'/Game/Audio/VO/Alliance/AL_PioneerHarvester/Ability_01.Ability_01',Normal,2.0,1.0,MissingSoundWave,1374
Alliance,AL_PioneerHarvester,V_AL_PioneerHarvester_Damaged,Voice.Damaged,01,Грузовой модуль повреждён!,SoundWave'/Game/Audio/VO/Alliance/AL_PioneerHarvester/Damaged_01.Damaged_01',Normal,2.0,1.0,MissingSoundWave,1375
Alliance,AL_PioneerHarvester,V_AL_PioneerHarvester_Elite,Voice.Elite,01,"Я нахожу прибыль там, где другие видят камни.",SoundWave'/Game/Audio/VO/Alliance/AL_PioneerHarvester/Elite_01.Elite_01',Normal,2.0,1.0,MissingSoundWave,1376
Alliance,AL_PioneerHarvester,V_AL_PioneerHarvester_Idle,Voice.Idle,01,Руда не редкая. Время — редкое.,SoundWave'/Game/Audio/VO/Alliance/AL_PioneerHarvester/Idle_01.Idle_01',Normal,2.0,1.0,MissingSoundWave,1377
Alliance,AL_PioneerHarvester,V_AL_PioneerHarvester_Death,Voice.Death,01,Маршрут… прерван…,SoundWave'/Game/Audio/VO/Alliance/AL_PioneerHarvester/Death_01.Death_01',Normal,2.0,1.0,MissingSoundWave,1378
Alliance,AL_KestrelScout,V_AL_KestrelScout_Selected,Voice.Selected,01,Кестрел в сети.,SoundWave'/Game/Audio/VO/Alliance/AL_KestrelScout/Selected_01.Selected_01',Normal,2.0,1.0,MissingSoundWave,1411
Alliance,AL_KestrelScout,V_AL_KestrelScout_Move,Voice.Move,01,Проложу короткий путь.,SoundWave'/Game/Audio/VO/Alliance/AL_KestrelScout/Move_01.Move_01',Normal,2.0,1.0,MissingSoundWave,1412
Alliance,AL_KestrelScout,V_AL_KestrelScout_Attack,Voice.Attack,01,Цель отмечена и атакована.,SoundWave'/Game/Audio/VO/Alliance/AL_KestrelScout/Attack_01.Attack_01',Normal,2.0,1.0,MissingSoundWave,1413
Alliance,AL_KestrelScout,V_AL_KestrelScout_Ability,Voice.Ability,01,Активный скан.,SoundWave'/Game/Audio/VO/Alliance/AL_KestrelScout/Ability_01.Ability_01',Normal,2.0,1.0,MissingSoundWave,1414
Alliance,AL_KestrelScout,V_AL_KestrelScout_Damaged,Voice.Damaged,01,Корпус не рассчитан на это!,SoundWave'/Game/Audio/VO/Alliance/AL_KestrelScout/Damaged_01.Damaged_01',Normal,2.0,1.0,MissingSoundWave,1415
Alliance,AL_KestrelScout,V_AL_KestrelScout_Elite,Voice.Elite,01,Я нахожу цели ещё до запроса.,SoundWave'/Game/Audio/VO/Alliance/AL_KestrelScout/Elite_01.Elite_01',Normal,2.0,1.0,MissingSoundWave,1416
Alliance,AL_KestrelScout,V_AL_KestrelScout_Idle,Voice.Idle,01,Стоять на месте — не моя специализация.,SoundWave'/Game/Audio/VO/Alliance/AL_KestrelScout/Idle_01.Idle_01',Normal,2.0,1.0,MissingSoundWave,1417
Alliance,AL_KestrelScout,V_AL_KestrelScout_Death,Voice.Death,01,Сигнал… потерян…,SoundWave'/Game/Audio/VO/Alliance/AL_KestrelScout/Death_01.Death_01',Normal,2.0,1.0,MissingSoundWave,1418
Alliance,AL_BulwarkMBT,V_AL_BulwarkMBT_Selected,Voice.Selected,01,Булварк готов прикрыть.,SoundWave'/Game/Audio/VO/Alliance/AL_BulwarkMBT/Selected_01.Selected_01',Normal,2.0,1.0,MissingSoundWave,1451
Alliance,AL_BulwarkMBT,V_AL_BulwarkMBT_Move,Voice.Move,01,Держим темп.,SoundWave'/Game/Audio/VO/Alliance/AL_BulwarkMBT/Move_01.Move_01',Normal,2.0,1.0,MissingSoundWave,1452
Alliance,AL_BulwarkMBT,V_AL_BulwarkMBT_Attack,Voice.Attack,01,Бронецель подтверждена.,SoundWave'/Game/Audio/VO/Alliance/AL_BulwarkMBT/Attack_01.Attack_01',Normal,2.0,1.0,MissingSoundWave,1453
Alliance,AL_BulwarkMBT,V_AL_BulwarkMBT_Ability,Voice.Ability,01,Снимаю защитный профиль.,SoundWave'/Game/Audio/VO/Alliance/AL_BulwarkMBT/Ability_01.Ability_01',Normal,2.0,1.0,MissingSoundWave,1454
Alliance,AL_BulwarkMBT,V_AL_BulwarkMBT_Damaged,Voice.Damaged,01,Композит пробит!,SoundWave'/Game/Audio/VO/Alliance/AL_BulwarkMBT/Damaged_01.Damaged_01',Normal,2.0,1.0,MissingSoundWave,1455
Alliance,AL_BulwarkMBT,V_AL_BulwarkMBT_Elite,Voice.Elite,01,Я не держу линию. Я двигаю её.,SoundWave'/Game/Audio/VO/Alliance/AL_BulwarkMBT/Elite_01.Elite_01',Normal,2.0,1.0,MissingSoundWave,1456
Alliance,AL_BulwarkMBT,V_AL_BulwarkMBT_Idle,Voice.Idle,01,Лучший щит — правильная дистанция.,SoundWave'/Game/Audio/VO/Alliance/AL_BulwarkMBT/Idle_01.Idle_01',Normal,2.0,1.0,MissingSoundWave,1457
Alliance,AL_BulwarkMBT,V_AL_BulwarkMBT_Death,Voice.Death,01,Система защиты… офлайн…,SoundWave'/Game/Audio/VO/Alliance/AL_BulwarkMBT/Death_01.Death_01',Normal,2.0,1.0,MissingSoundWave,1458
Alliance,AL_OracleArtillery,V_AL_OracleArtillery_Selected,Voice.Selected,01,Оракул рассчитывает решение.,SoundWave'/Game/Audio/VO/Alliance/AL_OracleArtillery/Selected_01.Selected_01',Normal,2.0,1.0,MissingSoundWave,1491
Alliance,AL_OracleArtillery,V_AL_OracleArtillery_Move,Voice.Move,01,Меняю огневую позицию.,SoundWave'/Game/Audio/VO/Alliance/AL_OracleArtillery/Move_01.Move_01',Normal,2.0,1.0,MissingSoundWave,1492
Alliance,AL_OracleArtillery,V_AL_OracleArtillery_Attack,Voice.Attack,01,Рельс заряжен.,SoundWave'/Game/Audio/VO/Alliance/AL_OracleArtillery/Attack_01.Attack_01',Normal,2.0,1.0,MissingSoundWave,1493
Alliance,AL_OracleArtillery,V_AL_OracleArtillery_Ability,Voice.Ability,01,Синхронный залп через три секунды.,SoundWave'/Game/Audio/VO/Alliance/AL_OracleArtillery/Ability_01.Ability_01',Normal,2.0,1.0,MissingSoundWave,1494
Alliance,AL_OracleArtillery,V_AL_OracleArtillery_Damaged,Voice.Damaged,01,Стабилизатор повреждён!,SoundWave'/Game/Audio/VO/Alliance/AL_OracleArtillery/Damaged_01.Damaged_01',Normal,2.0,1.0,MissingSoundWave,1495
Alliance,AL_OracleArtillery,V_AL_OracleArtillery_Elite,Voice.Elite,01,Уравнение боя имеет один ответ.,SoundWave'/Game/Audio/VO/Alliance/AL_OracleArtillery/Elite_01.Elite_01',Normal,2.0,1.0,MissingSoundWave,1496
Alliance,AL_OracleArtillery,V_AL_OracleArtillery_Idle,Voice.Idle,01,Точность начинается с терпения.,SoundWave'/Game/Audio/VO/Alliance/AL_OracleArtillery/Idle_01.Idle_01',Normal,2.0,1.0,MissingSoundWave,1497
Alliance,AL_OracleArtillery,V_AL_OracleArtillery_Death,Voice.Death,01,Магнитный контур… разрушен…,SoundWave'/Game/Audio/VO/Alliance/AL_OracleArtillery/Death_01.Death_01',Normal,2.0,1.0,MissingSoundWave,1498
Alliance,AL_RefractionTank,V_AL_RefractionTank_Selected,Voice.Selected,01,Рефракция уже на позиции.,SoundWave'/Game/Audio/VO/Alliance/AL_RefractionTank/Selected_01.Selected_01',Normal,2.0,1.0,MissingSoundWave,1531
Alliance,AL_RefractionTank,V_AL_RefractionTank_Move,Voice.Move,01,Сменю фон.,SoundWave'/Game/Audio/VO/Alliance/AL_RefractionTank/Move_01.Move_01',Normal,2.0,1.0,MissingSoundWave,1532
Alliance,AL_RefractionTank,V_AL_RefractionTank_Attack,Voice.Attack,01,Маскировка снята. Огонь.,SoundWave'/Game/Audio/VO/Alliance/AL_RefractionTank/Attack_01.Attack_01',Normal,2.0,1.0,MissingSoundWave,1533
Alliance,AL_RefractionTank,V_AL_RefractionTank_Ability,Voice.Ability,01,Оптика перестраивается.,SoundWave'/Game/Audio/VO/Alliance/AL_RefractionTank/Ability_01.Ability_01',Normal,2.0,1.0,MissingSoundWave,1534
Alliance,AL_RefractionTank,V_AL_RefractionTank_Damaged,Voice.Damaged,01,Контур маскировки сорван!,SoundWave'/Game/Audio/VO/Alliance/AL_RefractionTank/Damaged_01.Damaged_01',Normal,2.0,1.0,MissingSoundWave,1535
Alliance,AL_RefractionTank,V_AL_RefractionTank_Elite,Voice.Elite,01,"Они стреляют в то, чего уже нет.",SoundWave'/Game/Audio/VO/Alliance/AL_RefractionTank/Elite_01.Elite_01',Normal,2.0,1.0,MissingSoundWave,1536
Alliance,AL_RefractionTank,V_AL_RefractionTank_Idle,Voice.Idle,01,Деревья не докладывают по радио.,SoundWave'/Game/Audio/VO/Alliance/AL_RefractionTank/Idle_01.Idle_01',Normal,2.0,1.0,MissingSoundWave,1537
Alliance,AL_RefractionTank,V_AL_RefractionTank_Death,Voice.Death,01,Изображение… исчезает…,SoundWave'/Game/Audio/VO/Alliance/AL_RefractionTank/Death_01.Death_01',Normal,2.0,1.0,MissingSoundWave,1538
Alliance,AL_WardShieldCarrier,V_AL_WardShieldCarrier_Selected,Voice.Selected,01,Уорд готов к проекции.,SoundWave'/Game/Audio/VO/Alliance/AL_WardShieldCarrier/Selected_01.Selected_01',Normal,2.0,1.0,MissingSoundWave,1571
Alliance,AL_WardShieldCarrier,V_AL_WardShieldCarrier_Move,Voice.Move,01,Перемещаю защитный сектор.,SoundWave'/Game/Audio/VO/Alliance/AL_WardShieldCarrier/Move_01.Move_01',Normal,2.0,1.0,MissingSoundWave,1572
Alliance,AL_WardShieldCarrier,V_AL_WardShieldCarrier_Attack,Voice.Attack,01,Прямого вооружения нет.,SoundWave'/Game/Audio/VO/Alliance/AL_WardShieldCarrier/Attack_01.Attack_01',Normal,2.0,1.0,MissingSoundWave,1573
Alliance,AL_WardShieldCarrier,V_AL_WardShieldCarrier_Ability,Voice.Ability,01,Щит развёрнут.,SoundWave'/Game/Audio/VO/Alliance/AL_WardShieldCarrier/Ability_01.Ability_01',Normal,2.0,1.0,MissingSoundWave,1574
Alliance,AL_WardShieldCarrier,V_AL_WardShieldCarrier_Damaged,Voice.Damaged,01,Поле проседает!,SoundWave'/Game/Audio/VO/Alliance/AL_WardShieldCarrier/Damaged_01.Damaged_01',Normal,2.0,1.0,MissingSoundWave,1575
Alliance,AL_WardShieldCarrier,V_AL_WardShieldCarrier_Elite,Voice.Elite,01,"Лучший выстрел врага — тот, что не дошёл.",SoundWave'/Game/Audio/VO/Alliance/AL_WardShieldCarrier/Elite_01.Elite_01',Normal,2.0,1.0,MissingSoundWave,1576
Alliance,AL_WardShieldCarrier,V_AL_WardShieldCarrier_Idle,Voice.Idle,01,Щит не выглядит героически. Зато работает.,SoundWave'/Game/Audio/VO/Alliance/AL_WardShieldCarrier/Idle_01.Idle_01',Normal,2.0,1.0,MissingSoundWave,1577
Alliance,AL_WardShieldCarrier,V_AL_WardShieldCarrier_Death,Voice.Death,01,Проекция… погасла…,SoundWave'/Game/Audio/VO/Alliance/AL_WardShieldCarrier/Death_01.Death_01',Normal,2.0,1.0,MissingSoundWave,1578
Alliance,AL_CitadelTank,V_AL_CitadelTank_Selected,Voice.Selected,01,Цитадель держит строй.,SoundWave'/Game/Audio/VO/Alliance/AL_CitadelTank/Selected_01.Selected_01',Normal,2.0,1.0,MissingSoundWave,1611
Alliance,AL_CitadelTank,V_AL_CitadelTank_Move,Voice.Move,01,Тяжёлый модуль в движении.,SoundWave'/Game/Audio/VO/Alliance/AL_CitadelTank/Move_01.Move_01',Normal,2.0,1.0,MissingSoundWave,1612
Alliance,AL_CitadelTank,V_AL_CitadelTank_Attack,Voice.Attack,01,Электромагнитный выстрел.,SoundWave'/Game/Audio/VO/Alliance/AL_CitadelTank/Attack_01.Attack_01',Normal,2.0,1.0,MissingSoundWave,1613
Alliance,AL_CitadelTank,V_AL_CitadelTank_Ability,Voice.Ability,01,Активная защита включена.,SoundWave'/Game/Audio/VO/Alliance/AL_CitadelTank/Ability_01.Ability_01',Normal,2.0,1.0,MissingSoundWave,1614
Alliance,AL_CitadelTank,V_AL_CitadelTank_Damaged,Voice.Damaged,01,Перехватчики исчерпаны!,SoundWave'/Game/Audio/VO/Alliance/AL_CitadelTank/Damaged_01.Damaged_01',Normal,2.0,1.0,MissingSoundWave,1615
Alliance,AL_CitadelTank,V_AL_CitadelTank_Elite,Voice.Elite,01,Мы выигрываем ещё до попадания.,SoundWave'/Game/Audio/VO/Alliance/AL_CitadelTank/Elite_01.Elite_01',Normal,2.0,1.0,MissingSoundWave,1616
Alliance,AL_CitadelTank,V_AL_CitadelTank_Idle,Voice.Idle,01,Рыцарский кодекс обновлён до версии четыре.,SoundWave'/Game/Audio/VO/Alliance/AL_CitadelTank/Idle_01.Idle_01',Normal,2.0,1.0,MissingSoundWave,1617
Alliance,AL_CitadelTank,V_AL_CitadelTank_Death,Voice.Death,01,Защитный контур… не отвечает…,SoundWave'/Game/Audio/VO/Alliance/AL_CitadelTank/Death_01.Death_01',Normal,2.0,1.0,MissingSoundWave,1618
Alliance,AL_ShrikeInterceptor,V_AL_ShrikeInterceptor_Selected,Voice.Selected,01,Шрайк готов к перехвату.,SoundWave'/Game/Audio/VO/Alliance/AL_ShrikeInterceptor/Selected_01.Selected_01',Normal,2.0,1.0,MissingSoundWave,1651
Alliance,AL_ShrikeInterceptor,V_AL_ShrikeInterceptor_Move,Voice.Move,01,Занимаю эшелон.,SoundWave'/Game/Audio/VO/Alliance/AL_ShrikeInterceptor/Move_01.Move_01',Normal,2.0,1.0,MissingSoundWave,1652
Alliance,AL_ShrikeInterceptor,V_AL_ShrikeInterceptor_Attack,Voice.Attack,01,Воздушная цель захвачена.,SoundWave'/Game/Audio/VO/Alliance/AL_ShrikeInterceptor/Attack_01.Attack_01',Normal,2.0,1.0,MissingSoundWave,1653
Alliance,AL_ShrikeInterceptor,V_AL_ShrikeInterceptor_Ability,Voice.Ability,01,Перехват подтверждён.,SoundWave'/Game/Audio/VO/Alliance/AL_ShrikeInterceptor/Ability_01.Ability_01',Normal,2.0,1.0,MissingSoundWave,1654
Alliance,AL_ShrikeInterceptor,V_AL_ShrikeInterceptor_Damaged,Voice.Damaged,01,Крыло повреждено!,SoundWave'/Game/Audio/VO/Alliance/AL_ShrikeInterceptor/Damaged_01.Damaged_01',Normal,2.0,1.0,MissingSoundWave,1655
Alliance,AL_ShrikeInterceptor,V_AL_ShrikeInterceptor_Elite,Voice.Elite,01,Небо начинается с моего разрешения.,SoundWave'/Game/Audio/VO/Alliance/AL_ShrikeInterceptor/Elite_01.Elite_01',Normal,2.0,1.0,MissingSoundWave,1656
Alliance,AL_ShrikeInterceptor,V_AL_ShrikeInterceptor_Idle,Voice.Idle,01,Радар чист. Это ненадолго.,SoundWave'/Game/Audio/VO/Alliance/AL_ShrikeInterceptor/Idle_01.Idle_01',Normal,2.0,1.0,MissingSoundWave,1657
Alliance,AL_ShrikeInterceptor,V_AL_ShrikeInterceptor_Death,Voice.Death,01,Борт… потерян…,SoundWave'/Game/Audio/VO/Alliance/AL_ShrikeInterceptor/Death_01.Death_01',Normal,2.0,1.0,MissingSoundWave,1658
Alliance,AL_VectorVTOL,V_AL_VectorVTOL_Selected,Voice.Selected,01,Вектор на вертикальной тяге.,SoundWave'/Game/Audio/VO/Alliance/AL_VectorVTOL/Selected_01.Selected_01',Normal,2.0,1.0,MissingSoundWave,1691
Alliance,AL_VectorVTOL,V_AL_VectorVTOL_Move,Voice.Move,01,Перехожу к точке зависания.,SoundWave'/Game/Audio/VO/Alliance/AL_VectorVTOL/Move_01.Move_01',Normal,2.0,1.0,MissingSoundWave,1692
Alliance,AL_VectorVTOL,V_AL_VectorVTOL_Attack,Voice.Attack,01,Пакет на цель.,SoundWave'/Game/Audio/VO/Alliance/AL_VectorVTOL/Attack_01.Attack_01',Normal,2.0,1.0,MissingSoundWave,1693
Alliance,AL_VectorVTOL,V_AL_VectorVTOL_Ability,Voice.Ability,01,Зависание. Скрываю сигнатуру.,SoundWave'/Game/Audio/VO/Alliance/AL_VectorVTOL/Ability_01.Ability_01',Normal,2.0,1.0,MissingSoundWave,1694
Alliance,AL_VectorVTOL,V_AL_VectorVTOL_Damaged,Voice.Damaged,01,Тяга нестабильна!,SoundWave'/Game/Audio/VO/Alliance/AL_VectorVTOL/Damaged_01.Damaged_01',Normal,2.0,1.0,MissingSoundWave,1695
Alliance,AL_VectorVTOL,V_AL_VectorVTOL_Elite,Voice.Elite,01,"Мне не нужна полоса, чтобы изменить бой.",SoundWave'/Game/Audio/VO/Alliance/AL_VectorVTOL/Elite_01.Elite_01',Normal,2.0,1.0,MissingSoundWave,1696
Alliance,AL_VectorVTOL,V_AL_VectorVTOL_Idle,Voice.Idle,01,Вертикальный взлёт экономит время. Не топливо.,SoundWave'/Game/Audio/VO/Alliance/AL_VectorVTOL/Idle_01.Idle_01',Normal,2.0,1.0,MissingSoundWave,1697
Alliance,AL_VectorVTOL,V_AL_VectorVTOL_Death,Voice.Death,01,Тяга… падает…,SoundWave'/Game/Audio/VO/Alliance/AL_VectorVTOL/Death_01.Death_01',Normal,2.0,1.0,MissingSoundWave,1698
Alliance,AL_NightveilBomber,V_AL_NightveilBomber_Selected,Voice.Selected,01,Найтвейл готов к невидимому маршруту.,SoundWave'/Game/Audio/VO/Alliance/AL_NightveilBomber/Selected_01.Selected_01',Normal,2.0,1.0,MissingSoundWave,1731
Alliance,AL_NightveilBomber,V_AL_NightveilBomber_Move,Voice.Move,01,Вхожу в тень.,SoundWave'/Game/Audio/VO/Alliance/AL_NightveilBomber/Move_01.Move_01',Normal,2.0,1.0,MissingSoundWave,1732
Alliance,AL_NightveilBomber,V_AL_NightveilBomber_Attack,Voice.Attack,01,Точка сброса подтверждена.,SoundWave'/Game/Audio/VO/Alliance/AL_NightveilBomber/Attack_01.Attack_01',Normal,2.0,1.0,MissingSoundWave,1733
Alliance,AL_NightveilBomber,V_AL_NightveilBomber_Ability,Voice.Ability,01,Сигнатура обнулена.,SoundWave'/Game/Audio/VO/Alliance/AL_NightveilBomber/Ability_01.Ability_01',Normal,2.0,1.0,MissingSoundWave,1734
Alliance,AL_NightveilBomber,V_AL_NightveilBomber_Damaged,Voice.Damaged,01,Нас видят!,SoundWave'/Game/Audio/VO/Alliance/AL_NightveilBomber/Damaged_01.Damaged_01',Normal,2.0,1.0,MissingSoundWave,1735
Alliance,AL_NightveilBomber,V_AL_NightveilBomber_Elite,Voice.Elite,01,"Лучший удар — тот, который никто не успел заметить.",SoundWave'/Game/Audio/VO/Alliance/AL_NightveilBomber/Elite_01.Elite_01',Normal,2.0,1.0,MissingSoundWave,1736
Alliance,AL_NightveilBomber,V_AL_NightveilBomber_Idle,Voice.Idle,01,Отсутствие на радаре — тоже присутствие.,SoundWave'/Game/Audio/VO/Alliance/AL_NightveilBomber/Idle_01.Idle_01',Normal,2.0,1.0,MissingSoundWave,1737
Alliance,AL_NightveilBomber,V_AL_NightveilBomber_Death,Voice.Death,01,Стелс… нарушен навсегда…,SoundWave'/Game/Audio/VO/Alliance/AL_NightveilBomber/Death_01.Death_01',Normal,2.0,1.0,MissingSoundWave,1738
Alliance,AL_MantaPatrolCraft,V_AL_MantaPatrolCraft_Selected,Voice.Selected,01,Манта на крыльях.,SoundWave'/Game/Audio/VO/Alliance/AL_MantaPatrolCraft/Selected_01.Selected_01',Normal,2.0,1.0,MissingSoundWave,1771
Alliance,AL_MantaPatrolCraft,V_AL_MantaPatrolCraft_Move,Voice.Move,01,Поднимаемся над волной.,SoundWave'/Game/Audio/VO/Alliance/AL_MantaPatrolCraft/Move_01.Move_01',Normal,2.0,1.0,MissingSoundWave,1772
Alliance,AL_MantaPatrolCraft,V_AL_MantaPatrolCraft_Attack,Voice.Attack,01,Огонь по борту!,SoundWave'/Game/Audio/VO/Alliance/AL_MantaPatrolCraft/Attack_01.Attack_01',Normal,2.0,1.0,MissingSoundWave,1773
Alliance,AL_MantaPatrolCraft,V_AL_MantaPatrolCraft_Ability,Voice.Ability,01,Глушу оружейный канал.,SoundWave'/Game/Audio/VO/Alliance/AL_MantaPatrolCraft/Ability_01.Ability_01',Normal,2.0,1.0,MissingSoundWave,1774
Alliance,AL_MantaPatrolCraft,V_AL_MantaPatrolCraft_Damaged,Voice.Damaged,01,Крыло зацепило!,SoundWave'/Game/Audio/VO/Alliance/AL_MantaPatrolCraft/Damaged_01.Damaged_01',Normal,2.0,1.0,MissingSoundWave,1775
Alliance,AL_MantaPatrolCraft,V_AL_MantaPatrolCraft_Elite,Voice.Elite,01,Скорость — наше бронирование.,SoundWave'/Game/Audio/VO/Alliance/AL_MantaPatrolCraft/Elite_01.Elite_01',Normal,2.0,1.0,MissingSoundWave,1776
Alliance,AL_MantaPatrolCraft,V_AL_MantaPatrolCraft_Idle,Voice.Idle,01,Вода снизу. Небо сверху. Удобно.,SoundWave'/Game/Audio/VO/Alliance/AL_MantaPatrolCraft/Idle_01.Idle_01',Normal,2.0,1.0,MissingSoundWave,1777
Alliance,AL_MantaPatrolCraft,V_AL_MantaPatrolCraft_Death,Voice.Death,01,Теряем подъём…,SoundWave'/Game/Audio/VO/Alliance/AL_MantaPatrolCraft/Death_01.Death_01',Normal,2.0,1.0,MissingSoundWave,1778
Alliance,AL_ResoluteDestroyer,V_AL_ResoluteDestroyer_Selected,Voice.Selected,01,Резолют в боевой сети.,SoundWave'/Game/Audio/VO/Alliance/AL_ResoluteDestroyer/Selected_01.Selected_01',Normal,2.0,1.0,MissingSoundWave,1811
Alliance,AL_ResoluteDestroyer,V_AL_ResoluteDestroyer_Move,Voice.Move,01,Меняю курс.,SoundWave'/Game/Audio/VO/Alliance/AL_ResoluteDestroyer/Move_01.Move_01',Normal,2.0,1.0,MissingSoundWave,1812
Alliance,AL_ResoluteDestroyer,V_AL_ResoluteDestroyer_Attack,Voice.Attack,01,Орудия синхронизированы.,SoundWave'/Game/Audio/VO/Alliance/AL_ResoluteDestroyer/Attack_01.Attack_01',Normal,2.0,1.0,MissingSoundWave,1813
Alliance,AL_ResoluteDestroyer,V_AL_ResoluteDestroyer_Ability,Voice.Ability,01,Сонарный импульс.,SoundWave'/Game/Audio/VO/Alliance/AL_ResoluteDestroyer/Ability_01.Ability_01',Normal,2.0,1.0,MissingSoundWave,1814
Alliance,AL_ResoluteDestroyer,V_AL_ResoluteDestroyer_Damaged,Voice.Damaged,01,Пробоина выше ватерлинии!,SoundWave'/Game/Audio/VO/Alliance/AL_ResoluteDestroyer/Damaged_01.Damaged_01',Normal,2.0,1.0,MissingSoundWave,1815
Alliance,AL_ResoluteDestroyer,V_AL_ResoluteDestroyer_Elite,Voice.Elite,01,"Флот держится на тех, кто видит всё.",SoundWave'/Game/Audio/VO/Alliance/AL_ResoluteDestroyer/Elite_01.Elite_01',Normal,2.0,1.0,MissingSoundWave,1816
Alliance,AL_ResoluteDestroyer,V_AL_ResoluteDestroyer_Idle,Voice.Idle,01,Море не нейтрально. Оно просто ждёт.,SoundWave'/Game/Audio/VO/Alliance/AL_ResoluteDestroyer/Idle_01.Idle_01',Normal,2.0,1.0,MissingSoundWave,1817
Alliance,AL_ResoluteDestroyer,V_AL_ResoluteDestroyer_Death,Voice.Death,01,Корабль покидают…,SoundWave'/Game/Audio/VO/Alliance/AL_ResoluteDestroyer/Death_01.Death_01',Normal,2.0,1.0,MissingSoundWave,1818
Alliance,AL_HorizonCarrier,V_AL_HorizonCarrier_Selected,Voice.Selected,01,Горизонт разворачивает авиакрыло.,SoundWave'/Game/Audio/VO/Alliance/AL_HorizonCarrier/Selected_01.Selected_01',Normal,2.0,1.0,MissingSoundWave,1851
Alliance,AL_HorizonCarrier,V_AL_HorizonCarrier_Move,Voice.Move,01,Курс авианосной группы принят.,SoundWave'/Game/Audio/VO/Alliance/AL_HorizonCarrier/Move_01.Move_01',Normal,2.0,1.0,MissingSoundWave,1852
Alliance,AL_HorizonCarrier,V_AL_HorizonCarrier_Attack,Voice.Attack,01,Дроны идут на цель.,SoundWave'/Game/Audio/VO/Alliance/AL_HorizonCarrier/Attack_01.Attack_01',Normal,2.0,1.0,MissingSoundWave,1853
Alliance,AL_HorizonCarrier,V_AL_HorizonCarrier_Ability,Voice.Ability,01,Полный авиапакет — запуск.,SoundWave'/Game/Audio/VO/Alliance/AL_HorizonCarrier/Ability_01.Ability_01',Normal,2.0,1.0,MissingSoundWave,1854
Alliance,AL_HorizonCarrier,V_AL_HorizonCarrier_Damaged,Voice.Damaged,01,Полётная палуба повреждена!,SoundWave'/Game/Audio/VO/Alliance/AL_HorizonCarrier/Damaged_01.Damaged_01',Normal,2.0,1.0,MissingSoundWave,1855
Alliance,AL_HorizonCarrier,V_AL_HorizonCarrier_Elite,Voice.Elite,01,"Мы приносим небо туда, где его не было.",SoundWave'/Game/Audio/VO/Alliance/AL_HorizonCarrier/Elite_01.Elite_01',Normal,2.0,1.0,MissingSoundWave,1856
Alliance,AL_HorizonCarrier,V_AL_HorizonCarrier_Idle,Voice.Idle,01,"Авианосец — это аэродром, который умеет уходить.",SoundWave'/Game/Audio/VO/Alliance/AL_HorizonCarrier/Idle_01.Idle_01',Normal,2.0,1.0,MissingSoundWave,1857
Alliance,AL_HorizonCarrier,V_AL_HorizonCarrier_Death,Voice.Death,01,Палуба… закрыта…,SoundWave'/Game/Audio/VO/Alliance/AL_HorizonCarrier/Death_01.Death_01',Normal,2.0,1.0,MissingSoundWave,1858
Alliance,AL_Hero_Hart,V_AL_Hero_Hart_Selected,Voice.Selected,01,Харт на линии. Какая цель важнее войны?,SoundWave'/Game/Audio/VO/Alliance/AL_Hero_Hart/Selected_01.Selected_01',Normal,2.0,1.0,MissingSoundWave,1893
Alliance,AL_Hero_Hart,V_AL_Hero_Hart_Move,Voice.Move,01,Уже в их слепой зоне.,SoundWave'/Game/Audio/VO/Alliance/AL_Hero_Hart/Move_01.Move_01',Normal,2.0,1.0,MissingSoundWave,1894
Alliance,AL_Hero_Hart,V_AL_Hero_Hart_Attack,Voice.Attack,01,Удаляю проблему.,SoundWave'/Game/Audio/VO/Alliance/AL_Hero_Hart/Attack_01.Attack_01',Normal,2.0,1.0,MissingSoundWave,1895
Alliance,AL_Hero_Hart,V_AL_Hero_Hart_Ability,Voice.Ability,01,Протокол призрака активен.,SoundWave'/Game/Audio/VO/Alliance/AL_Hero_Hart/Ability_01.Ability_01',Normal,2.0,1.0,MissingSoundWave,1896
Alliance,AL_Hero_Hart,V_AL_Hero_Hart_Damaged,Voice.Damaged,01,Меня всё-таки заметили.,SoundWave'/Game/Audio/VO/Alliance/AL_Hero_Hart/Damaged_01.Damaged_01',Normal,2.0,1.0,MissingSoundWave,1897
Alliance,AL_Hero_Hart,V_AL_Hero_Hart_Elite,Voice.Elite,01,Разведка закончилась. Теперь я знаю всё нужное.,SoundWave'/Game/Audio/VO/Alliance/AL_Hero_Hart/Elite_01.Elite_01',Normal,2.0,1.0,MissingSoundWave,1898
Alliance,AL_Hero_Hart,V_AL_Hero_Hart_Idle,Voice.Idle,01,Секреты всегда дешевле штурма.,SoundWave'/Game/Audio/VO/Alliance/AL_Hero_Hart/Idle_01.Idle_01',Normal,2.0,1.0,MissingSoundWave,1899
Alliance,AL_Hero_Hart,V_AL_Hero_Hart_Death,Voice.Death,01,Данные… отправлены…,SoundWave'/Game/Audio/VO/Alliance/AL_Hero_Hart/Death_01.Death_01',Normal,2.0,1.0,MissingSoundWave,1900
EasternCoalition,CO_QianweiRifleman,V_CO_QianweiRifleman_Selected,Voice.Selected,01,Стрелок Тип 21 «Цяньвэй» готов занять место.,SoundWave'/Game/Audio/VO/EasternCoalition/CO_QianweiRifleman/Selected_01.Selected_01',Normal,2.0,1.0,MissingSoundWave,1995
EasternCoalition,CO_QianweiRifleman,V_CO_QianweiRifleman_Move,Voice.Move,01,Сохраняем интервал.,SoundWave'/Game/Audio/VO/EasternCoalition/CO_QianweiRifleman/Move_01.Move_01',Normal,2.0,1.0,MissingSoundWave,1996
EasternCoalition,CO_QianweiRifleman,V_CO_QianweiRifleman_Attack,Voice.Attack,01,Общий огонь.,SoundWave'/Game/Audio/VO/EasternCoalition/CO_QianweiRifleman/Attack_01.Attack_01',Normal,2.0,1.0,MissingSoundWave,1997
EasternCoalition,CO_QianweiRifleman,V_CO_QianweiRifleman_Ability,Voice.Ability,01,Строй замкнут.,SoundWave'/Game/Audio/VO/EasternCoalition/CO_QianweiRifleman/Ability_01.Ability_01',Normal,2.0,1.0,MissingSoundWave,1998
EasternCoalition,CO_QianweiRifleman,V_CO_QianweiRifleman_Damaged,Voice.Damaged,01,Линия нарушена!,SoundWave'/Game/Audio/VO/EasternCoalition/CO_QianweiRifleman/Damaged_01.Damaged_01',Normal,2.0,1.0,MissingSoundWave,1999
EasternCoalition,CO_QianweiRifleman,V_CO_QianweiRifleman_Elite,Voice.Elite,01,"Один шаг, один ритм, одна победа.",SoundWave'/Game/Audio/VO/EasternCoalition/CO_QianweiRifleman/Elite_01.Elite_01',Normal,2.0,1.0,MissingSoundWave,2000
EasternCoalition,CO_QianweiRifleman,V_CO_QianweiRifleman_Idle,Voice.Idle,01,Даже ожидание должно быть организовано.,SoundWave'/Game/Audio/VO/EasternCoalition/CO_QianweiRifleman/Idle_01.Idle_01',Normal,2.0,1.0,MissingSoundWave,2001
EasternCoalition,CO_QianweiRifleman,V_CO_QianweiRifleman_Death,Voice.Death,01,Моё место… займёт следующий…,SoundWave'/Game/Audio/VO/EasternCoalition/CO_QianweiRifleman/Death_01.Death_01',Normal,2.0,1.0,MissingSoundWave,2002
EasternCoalition,CO_VajraLancer,V_CO_VajraLancer_Selected,Voice.Selected,01,Ваджра заряжена.,SoundWave'/Game/Audio/VO/EasternCoalition/CO_VajraLancer/Selected_01.Selected_01',Normal,2.0,1.0,MissingSoundWave,2035
EasternCoalition,CO_VajraLancer,V_CO_VajraLancer_Move,Voice.Move,01,Сокращаем дистанцию.,SoundWave'/Game/Audio/VO/EasternCoalition/CO_VajraLancer/Move_01.Move_01',Normal,2.0,1.0,MissingSoundWave,2036
EasternCoalition,CO_VajraLancer,V_CO_VajraLancer_Attack,Voice.Attack,01,Пробить сердцевину.,SoundWave'/Game/Audio/VO/EasternCoalition/CO_VajraLancer/Attack_01.Attack_01',Normal,2.0,1.0,MissingSoundWave,2037
EasternCoalition,CO_VajraLancer,V_CO_VajraLancer_Ability,Voice.Ability,01,Импульсный выпад!,SoundWave'/Game/Audio/VO/EasternCoalition/CO_VajraLancer/Ability_01.Ability_01',Normal,2.0,1.0,MissingSoundWave,2038
EasternCoalition,CO_VajraLancer,V_CO_VajraLancer_Damaged,Voice.Damaged,01,Поле копья нестабильно!,SoundWave'/Game/Audio/VO/EasternCoalition/CO_VajraLancer/Damaged_01.Damaged_01',Normal,2.0,1.0,MissingSoundWave,2039
EasternCoalition,CO_VajraLancer,V_CO_VajraLancer_Elite,Voice.Elite,01,Сталь тоже знает страх.,SoundWave'/Game/Audio/VO/EasternCoalition/CO_VajraLancer/Elite_01.Elite_01',Normal,2.0,1.0,MissingSoundWave,2040
EasternCoalition,CO_VajraLancer,V_CO_VajraLancer_Idle,Voice.Idle,01,Длинное оружие учит держать дистанцию.,SoundWave'/Game/Audio/VO/EasternCoalition/CO_VajraLancer/Idle_01.Idle_01',Normal,2.0,1.0,MissingSoundWave,2041
EasternCoalition,CO_VajraLancer,V_CO_VajraLancer_Death,Voice.Death,01,Копьё… погасло…,SoundWave'/Game/Audio/VO/EasternCoalition/CO_VajraLancer/Death_01.Death_01',Normal,2.0,1.0,MissingSoundWave,2042
EasternCoalition,CO_JieTechnician,V_CO_JieTechnician_Selected,Voice.Selected,01,Техник сети Тип 06 «Цзе» готов.,SoundWave'/Game/Audio/VO/EasternCoalition/CO_JieTechnician/Selected_01.Selected_01',Normal,2.0,1.0,MissingSoundWave,2076
EasternCoalition,CO_JieTechnician,V_CO_JieTechnician_Move,Voice.Move,01,Прокладываю связь.,SoundWave'/Game/Audio/VO/EasternCoalition/CO_JieTechnician/Move_01.Move_01',Normal,2.0,1.0,MissingSoundWave,2077
EasternCoalition,CO_JieTechnician,V_CO_JieTechnician_Attack,Voice.Attack,01,Моя задача — восстановление.,SoundWave'/Game/Audio/VO/EasternCoalition/CO_JieTechnician/Attack_01.Attack_01',Normal,2.0,1.0,MissingSoundWave,2078
EasternCoalition,CO_JieTechnician,V_CO_JieTechnician_Ability,Voice.Ability,01,Узел подключён.,SoundWave'/Game/Audio/VO/EasternCoalition/CO_JieTechnician/Ability_01.Ability_01',Normal,2.0,1.0,MissingSoundWave,2079
EasternCoalition,CO_JieTechnician,V_CO_JieTechnician_Damaged,Voice.Damaged,01,Рой теряет аппараты!,SoundWave'/Game/Audio/VO/EasternCoalition/CO_JieTechnician/Damaged_01.Damaged_01',Normal,2.0,1.0,MissingSoundWave,2080
EasternCoalition,CO_JieTechnician,V_CO_JieTechnician_Elite,Voice.Elite,01,Разрывов в сети больше нет.,SoundWave'/Game/Audio/VO/EasternCoalition/CO_JieTechnician/Elite_01.Elite_01',Normal,2.0,1.0,MissingSoundWave,2081
EasternCoalition,CO_JieTechnician,V_CO_JieTechnician_Idle,Voice.Idle,01,Проводов не видно. Ошибки — видно.,SoundWave'/Game/Audio/VO/EasternCoalition/CO_JieTechnician/Idle_01.Idle_01',Normal,2.0,1.0,MissingSoundWave,2082
EasternCoalition,CO_JieTechnician,V_CO_JieTechnician_Death,Voice.Death,01,Связь… передана…,SoundWave'/Game/Audio/VO/EasternCoalition/CO_JieTechnician/Death_01.Death_01',Normal,2.0,1.0,MissingSoundWave,2083
EasternCoalition,CO_ShengongMarksman,V_CO_ShengongMarksman_Selected,Voice.Selected,01,Шэньгун совместил фазу.,SoundWave'/Game/Audio/VO/EasternCoalition/CO_ShengongMarksman/Selected_01.Selected_01',Normal,2.0,1.0,MissingSoundWave,2116
EasternCoalition,CO_ShengongMarksman,V_CO_ShengongMarksman_Move,Voice.Move,01,Ищу чистую геометрию.,SoundWave'/Game/Audio/VO/EasternCoalition/CO_ShengongMarksman/Move_01.Move_01',Normal,2.0,1.0,MissingSoundWave,2117
EasternCoalition,CO_ShengongMarksman,V_CO_ShengongMarksman_Attack,Voice.Attack,01,Прохожу между слоями.,SoundWave'/Game/Audio/VO/EasternCoalition/CO_ShengongMarksman/Attack_01.Attack_01',Normal,2.0,1.0,MissingSoundWave,2118
EasternCoalition,CO_ShengongMarksman,V_CO_ShengongMarksman_Ability,Voice.Ability,01,Щит не считается преградой.,SoundWave'/Game/Audio/VO/EasternCoalition/CO_ShengongMarksman/Ability_01.Ability_01',Normal,2.0,1.0,MissingSoundWave,2119
EasternCoalition,CO_ShengongMarksman,V_CO_ShengongMarksman_Damaged,Voice.Damaged,01,Фазовый контур сбит!,SoundWave'/Game/Audio/VO/EasternCoalition/CO_ShengongMarksman/Damaged_01.Damaged_01',Normal,2.0,1.0,MissingSoundWave,2120
EasternCoalition,CO_ShengongMarksman,V_CO_ShengongMarksman_Elite,Voice.Elite,01,"Я стреляю туда, где защита ещё не возникла.",SoundWave'/Game/Audio/VO/EasternCoalition/CO_ShengongMarksman/Elite_01.Elite_01',Normal,2.0,1.0,MissingSoundWave,2121
EasternCoalition,CO_ShengongMarksman,V_CO_ShengongMarksman_Idle,Voice.Idle,01,Тишина помогает увидеть слои.,SoundWave'/Game/Audio/VO/EasternCoalition/CO_ShengongMarksman/Idle_01.Idle_01',Normal,2.0,1.0,MissingSoundWave,2122
EasternCoalition,CO_ShengongMarksman,V_CO_ShengongMarksman_Death,Voice.Death,01,Фаза… потеряна…,SoundWave'/Game/Audio/VO/EasternCoalition/CO_ShengongMarksman/Death_01.Death_01',Normal,2.0,1.0,MissingSoundWave,2123
EasternCoalition,CO_SanjivaniMedic,V_CO_SanjivaniMedic_Selected,Voice.Selected,01,Сандживани готова к распределению.,SoundWave'/Game/Audio/VO/EasternCoalition/CO_SanjivaniMedic/Selected_01.Selected_01',Normal,2.0,1.0,MissingSoundWave,2156
EasternCoalition,CO_SanjivaniMedic,V_CO_SanjivaniMedic_Move,Voice.Move,01,Следую за построением.,SoundWave'/Game/Audio/VO/EasternCoalition/CO_SanjivaniMedic/Move_01.Move_01',Normal,2.0,1.0,MissingSoundWave,2157
EasternCoalition,CO_SanjivaniMedic,V_CO_SanjivaniMedic_Attack,Voice.Attack,01,У меня нет боевого режима.,SoundWave'/Game/Audio/VO/EasternCoalition/CO_SanjivaniMedic/Attack_01.Attack_01',Normal,2.0,1.0,MissingSoundWave,2158
EasternCoalition,CO_SanjivaniMedic,V_CO_SanjivaniMedic_Ability,Voice.Ability,01,Защитная оболочка сформирована.,SoundWave'/Game/Audio/VO/EasternCoalition/CO_SanjivaniMedic/Ability_01.Ability_01',Normal,2.0,1.0,MissingSoundWave,2159
EasternCoalition,CO_SanjivaniMedic,V_CO_SanjivaniMedic_Damaged,Voice.Damaged,01,Рой расходуется на меня!,SoundWave'/Game/Audio/VO/EasternCoalition/CO_SanjivaniMedic/Damaged_01.Damaged_01',Normal,2.0,1.0,MissingSoundWave,2160
EasternCoalition,CO_SanjivaniMedic,V_CO_SanjivaniMedic_Elite,Voice.Elite,01,Наниты уже знают каждую рану.,SoundWave'/Game/Audio/VO/EasternCoalition/CO_SanjivaniMedic/Elite_01.Elite_01',Normal,2.0,1.0,MissingSoundWave,2161
EasternCoalition,CO_SanjivaniMedic,V_CO_SanjivaniMedic_Idle,Voice.Idle,01,Организм — сложная машина. Но чинится быстрее.,SoundWave'/Game/Audio/VO/EasternCoalition/CO_SanjivaniMedic/Idle_01.Idle_01',Normal,2.0,1.0,MissingSoundWave,2162
EasternCoalition,CO_SanjivaniMedic,V_CO_SanjivaniMedic_Death,Voice.Death,01,Рой… ищет нового носителя…,SoundWave'/Game/Audio/VO/EasternCoalition/CO_SanjivaniMedic/Death_01.Death_01',Normal,2.0,1.0,MissingSoundWave,2163
EasternCoalition,CO_RakshaGuard,V_CO_RakshaGuard_Selected,Voice.Selected,01,Ракша принимает ответственность.,SoundWave'/Game/Audio/VO/EasternCoalition/CO_RakshaGuard/Selected_01.Selected_01',Normal,2.0,1.0,MissingSoundWave,2196
EasternCoalition,CO_RakshaGuard,V_CO_RakshaGuard_Move,Voice.Move,01,Я закрою этот путь.,SoundWave'/Game/Audio/VO/EasternCoalition/CO_RakshaGuard/Move_01.Move_01',Normal,2.0,1.0,MissingSoundWave,2197
EasternCoalition,CO_RakshaGuard,V_CO_RakshaGuard_Attack,Voice.Attack,01,Вступаю в ближний бой.,SoundWave'/Game/Audio/VO/EasternCoalition/CO_RakshaGuard/Attack_01.Attack_01',Normal,2.0,1.0,MissingSoundWave,2198
EasternCoalition,CO_RakshaGuard,V_CO_RakshaGuard_Ability,Voice.Ability,01,Отразить удар.,SoundWave'/Game/Audio/VO/EasternCoalition/CO_RakshaGuard/Ability_01.Ability_01',Normal,2.0,1.0,MissingSoundWave,2199
EasternCoalition,CO_RakshaGuard,V_CO_RakshaGuard_Damaged,Voice.Damaged,01,Щит выдержит.,SoundWave'/Game/Audio/VO/EasternCoalition/CO_RakshaGuard/Damaged_01.Damaged_01',Normal,2.0,1.0,MissingSoundWave,2200
EasternCoalition,CO_RakshaGuard,V_CO_RakshaGuard_Elite,Voice.Elite,01,"Пока я стою, линия существует.",SoundWave'/Game/Audio/VO/EasternCoalition/CO_RakshaGuard/Elite_01.Elite_01',Normal,2.0,1.0,MissingSoundWave,2201
EasternCoalition,CO_RakshaGuard,V_CO_RakshaGuard_Idle,Voice.Idle,01,Честь — это дисциплина без свидетелей.,SoundWave'/Game/Audio/VO/EasternCoalition/CO_RakshaGuard/Idle_01.Idle_01',Normal,2.0,1.0,MissingSoundWave,2202
EasternCoalition,CO_RakshaGuard,V_CO_RakshaGuard_Death,Voice.Death,01,Линия… не должна дрогнуть…,SoundWave'/Game/Audio/VO/EasternCoalition/CO_RakshaGuard/Death_01.Death_01',Normal,2.0,1.0,MissingSoundWave,2203
EasternCoalition,CO_YuanCollector,V_CO_YuanCollector_Selected,Voice.Selected,01,Юань подключён.,SoundWave'/Game/Audio/VO/EasternCoalition/CO_YuanCollector/Selected_01.Selected_01',Normal,2.0,1.0,MissingSoundWave,2236
EasternCoalition,CO_YuanCollector,V_CO_YuanCollector_Move,Voice.Move,01,Маршрут входит в сеть.,SoundWave'/Game/Audio/VO/EasternCoalition/CO_YuanCollector/Move_01.Move_01',Normal,2.0,1.0,MissingSoundWave,2237
EasternCoalition,CO_YuanCollector,V_CO_YuanCollector_Attack,Voice.Attack,01,Вооружение не предусмотрено.,SoundWave'/Game/Audio/VO/EasternCoalition/CO_YuanCollector/Attack_01.Attack_01',Normal,2.0,1.0,MissingSoundWave,2238
EasternCoalition,CO_YuanCollector,V_CO_YuanCollector_Ability,Voice.Ability,01,Энергосвязь установлена.,SoundWave'/Game/Audio/VO/EasternCoalition/CO_YuanCollector/Ability_01.Ability_01',Normal,2.0,1.0,MissingSoundWave,2239
EasternCoalition,CO_YuanCollector,V_CO_YuanCollector_Damaged,Voice.Damaged,01,Контейнер повреждён!,SoundWave'/Game/Audio/VO/EasternCoalition/CO_YuanCollector/Damaged_01.Damaged_01',Normal,2.0,1.0,MissingSoundWave,2240
EasternCoalition,CO_YuanCollector,V_CO_YuanCollector_Elite,Voice.Elite,01,Каждый груз укрепляет сеть.,SoundWave'/Game/Audio/VO/EasternCoalition/CO_YuanCollector/Elite_01.Elite_01',Normal,2.0,1.0,MissingSoundWave,2241
EasternCoalition,CO_YuanCollector,V_CO_YuanCollector_Idle,Voice.Idle,01,Ресурс ценен только после доставки.,SoundWave'/Game/Audio/VO/EasternCoalition/CO_YuanCollector/Idle_01.Idle_01',Normal,2.0,1.0,MissingSoundWave,2242
EasternCoalition,CO_YuanCollector,V_CO_YuanCollector_Death,Voice.Death,01,Поток… остановлен…,SoundWave'/Game/Audio/VO/EasternCoalition/CO_YuanCollector/Death_01.Death_01',Normal,2.0,1.0,MissingSoundWave,2243
EasternCoalition,CO_KamakiriWalker,V_CO_KamakiriWalker_Selected,Voice.Selected,01,Камакири удерживает равновесие.,SoundWave'/Game/Audio/VO/EasternCoalition/CO_KamakiriWalker/Selected_01.Selected_01',Normal,2.0,1.0,MissingSoundWave,2276
EasternCoalition,CO_KamakiriWalker,V_CO_KamakiriWalker_Move,Voice.Move,01,Траектория не требует дороги.,SoundWave'/Game/Audio/VO/EasternCoalition/CO_KamakiriWalker/Move_01.Move_01',Normal,2.0,1.0,MissingSoundWave,2277
EasternCoalition,CO_KamakiriWalker,V_CO_KamakiriWalker_Attack,Voice.Attack,01,Передние конечности стабилизированы. Огонь.,SoundWave'/Game/Audio/VO/EasternCoalition/CO_KamakiriWalker/Attack_01.Attack_01',Normal,2.0,1.0,MissingSoundWave,2278
EasternCoalition,CO_KamakiriWalker,V_CO_KamakiriWalker_Ability,Voice.Ability,01,Преодолеваю препятствие.,SoundWave'/Game/Audio/VO/EasternCoalition/CO_KamakiriWalker/Ability_01.Ability_01',Normal,2.0,1.0,MissingSoundWave,2279
EasternCoalition,CO_KamakiriWalker,V_CO_KamakiriWalker_Damaged,Voice.Damaged,01,Одна опора повреждена!,SoundWave'/Game/Audio/VO/EasternCoalition/CO_KamakiriWalker/Damaged_01.Damaged_01',Normal,2.0,1.0,MissingSoundWave,2280
EasternCoalition,CO_KamakiriWalker,V_CO_KamakiriWalker_Elite,Voice.Elite,01,Рельеф — лишь рекомендация.,SoundWave'/Game/Audio/VO/EasternCoalition/CO_KamakiriWalker/Elite_01.Elite_01',Normal,2.0,1.0,MissingSoundWave,2281
EasternCoalition,CO_KamakiriWalker,V_CO_KamakiriWalker_Idle,Voice.Idle,01,Колёса переоценены.,SoundWave'/Game/Audio/VO/EasternCoalition/CO_KamakiriWalker/Idle_01.Idle_01',Normal,2.0,1.0,MissingSoundWave,2282
EasternCoalition,CO_KamakiriWalker,V_CO_KamakiriWalker_Death,Voice.Death,01,Баланс… потерян…,SoundWave'/Game/Audio/VO/EasternCoalition/CO_KamakiriWalker/Death_01.Death_01',Normal,2.0,1.0,MissingSoundWave,2283
EasternCoalition,CO_QinglongMBT,V_CO_QinglongMBT_Selected,Voice.Selected,01,Контур Цинлуна готов.,SoundWave'/Game/Audio/VO/EasternCoalition/CO_QinglongMBT/Selected_01.Selected_01',Normal,2.0,1.0,MissingSoundWave,2316
EasternCoalition,CO_QinglongMBT,V_CO_QinglongMBT_Move,Voice.Move,01,Сохраняем сцепление.,SoundWave'/Game/Audio/VO/EasternCoalition/CO_QinglongMBT/Move_01.Move_01',Normal,2.0,1.0,MissingSoundWave,2317
EasternCoalition,CO_QinglongMBT,V_CO_QinglongMBT_Attack,Voice.Attack,01,Плазма на общую цель.,SoundWave'/Game/Audio/VO/EasternCoalition/CO_QinglongMBT/Attack_01.Attack_01',Normal,2.0,1.0,MissingSoundWave,2318
EasternCoalition,CO_QinglongMBT,V_CO_QinglongMBT_Ability,Voice.Ability,01,Щиты объединены.,SoundWave'/Game/Audio/VO/EasternCoalition/CO_QinglongMBT/Ability_01.Ability_01',Normal,2.0,1.0,MissingSoundWave,2319
EasternCoalition,CO_QinglongMBT,V_CO_QinglongMBT_Damaged,Voice.Damaged,01,Связь щита ослабла!,SoundWave'/Game/Audio/VO/EasternCoalition/CO_QinglongMBT/Damaged_01.Damaged_01',Normal,2.0,1.0,MissingSoundWave,2320
EasternCoalition,CO_QinglongMBT,V_CO_QinglongMBT_Elite,Voice.Elite,01,"Нас нельзя пробить по одному, пока мы вместе.",SoundWave'/Game/Audio/VO/EasternCoalition/CO_QinglongMBT/Elite_01.Elite_01',Normal,2.0,1.0,MissingSoundWave,2321
EasternCoalition,CO_QinglongMBT,V_CO_QinglongMBT_Idle,Voice.Idle,01,"Строй — это броня, которой не видно.",SoundWave'/Game/Audio/VO/EasternCoalition/CO_QinglongMBT/Idle_01.Idle_01',Normal,2.0,1.0,MissingSoundWave,2322
EasternCoalition,CO_QinglongMBT,V_CO_QinglongMBT_Death,Voice.Death,01,Контур… разорван…,SoundWave'/Game/Audio/VO/EasternCoalition/CO_QinglongMBT/Death_01.Death_01',Normal,2.0,1.0,MissingSoundWave,2323
EasternCoalition,CO_MonsoonArtillery,V_CO_MonsoonArtillery_Selected,Voice.Selected,01,Муссон свёрнут.,SoundWave'/Game/Audio/VO/EasternCoalition/CO_MonsoonArtillery/Selected_01.Selected_01',Normal,2.0,1.0,MissingSoundWave,2356
EasternCoalition,CO_MonsoonArtillery,V_CO_MonsoonArtillery_Move,Voice.Move,01,Ищу место для раскрытия.,SoundWave'/Game/Audio/VO/EasternCoalition/CO_MonsoonArtillery/Move_01.Move_01',Normal,2.0,1.0,MissingSoundWave,2357
EasternCoalition,CO_MonsoonArtillery,V_CO_MonsoonArtillery_Attack,Voice.Attack,01,Координаты приняты.,SoundWave'/Game/Audio/VO/EasternCoalition/CO_MonsoonArtillery/Attack_01.Attack_01',Normal,2.0,1.0,MissingSoundWave,2358
EasternCoalition,CO_MonsoonArtillery,V_CO_MonsoonArtillery_Ability,Voice.Ability,01,Муссон разворачивается.,SoundWave'/Game/Audio/VO/EasternCoalition/CO_MonsoonArtillery/Ability_01.Ability_01',Normal,2.0,1.0,MissingSoundWave,2359
EasternCoalition,CO_MonsoonArtillery,V_CO_MonsoonArtillery_Damaged,Voice.Damaged,01,Опорные лепестки повреждены!,SoundWave'/Game/Audio/VO/EasternCoalition/CO_MonsoonArtillery/Damaged_01.Damaged_01',Normal,2.0,1.0,MissingSoundWave,2360
EasternCoalition,CO_MonsoonArtillery,V_CO_MonsoonArtillery_Elite,Voice.Elite,01,Каждый лепесток несёт отдельную гибель.,SoundWave'/Game/Audio/VO/EasternCoalition/CO_MonsoonArtillery/Elite_01.Elite_01',Normal,2.0,1.0,MissingSoundWave,2361
EasternCoalition,CO_MonsoonArtillery,V_CO_MonsoonArtillery_Idle,Voice.Idle,01,Цветок ждёт подходящей почвы.,SoundWave'/Game/Audio/VO/EasternCoalition/CO_MonsoonArtillery/Idle_01.Idle_01',Normal,2.0,1.0,MissingSoundWave,2362
EasternCoalition,CO_MonsoonArtillery,V_CO_MonsoonArtillery_Death,Voice.Death,01,Лепестки… сломаны…,SoundWave'/Game/Audio/VO/EasternCoalition/CO_MonsoonArtillery/Death_01.Death_01',Normal,2.0,1.0,MissingSoundWave,2363
EasternCoalition,CO_SeimonShieldCarrier,V_CO_SeimonShieldCarrier_Selected,Voice.Selected,01,Сэймон принимает сеть.,SoundWave'/Game/Audio/VO/EasternCoalition/CO_SeimonShieldCarrier/Selected_01.Selected_01',Normal,2.0,1.0,MissingSoundWave,2397
EasternCoalition,CO_SeimonShieldCarrier,V_CO_SeimonShieldCarrier_Move,Voice.Move,01,Переношу центр защиты.,SoundWave'/Game/Audio/VO/EasternCoalition/CO_SeimonShieldCarrier/Move_01.Move_01',Normal,2.0,1.0,MissingSoundWave,2398
EasternCoalition,CO_SeimonShieldCarrier,V_CO_SeimonShieldCarrier_Attack,Voice.Attack,01,Оружия нет. Есть щит.,SoundWave'/Game/Audio/VO/EasternCoalition/CO_SeimonShieldCarrier/Attack_01.Attack_01',Normal,2.0,1.0,MissingSoundWave,2399
EasternCoalition,CO_SeimonShieldCarrier,V_CO_SeimonShieldCarrier_Ability,Voice.Ability,01,Купол сформирован.,SoundWave'/Game/Audio/VO/EasternCoalition/CO_SeimonShieldCarrier/Ability_01.Ability_01',Normal,2.0,1.0,MissingSoundWave,2400
EasternCoalition,CO_SeimonShieldCarrier,V_CO_SeimonShieldCarrier_Damaged,Voice.Damaged,01,Полевые эмиттеры перегружены!,SoundWave'/Game/Audio/VO/EasternCoalition/CO_SeimonShieldCarrier/Damaged_01.Damaged_01',Normal,2.0,1.0,MissingSoundWave,2401
EasternCoalition,CO_SeimonShieldCarrier,V_CO_SeimonShieldCarrier_Elite,Voice.Elite,01,"Где стою я, там стоит армия.",SoundWave'/Game/Audio/VO/EasternCoalition/CO_SeimonShieldCarrier/Elite_01.Elite_01',Normal,2.0,1.0,MissingSoundWave,2402
EasternCoalition,CO_SeimonShieldCarrier,V_CO_SeimonShieldCarrier_Idle,Voice.Idle,01,Защита редко получает благодарность.,SoundWave'/Game/Audio/VO/EasternCoalition/CO_SeimonShieldCarrier/Idle_01.Idle_01',Normal,2.0,1.0,MissingSoundWave,2403
EasternCoalition,CO_SeimonShieldCarrier,V_CO_SeimonShieldCarrier_Death,Voice.Death,01,Купол… распался…,SoundWave'/Game/Audio/VO/EasternCoalition/CO_SeimonShieldCarrier/Death_01.Death_01',Normal,2.0,1.0,MissingSoundWave,2404
EasternCoalition,CO_AiravataWalker,V_CO_AiravataWalker_Selected,Voice.Selected,01,Айравата готова пересечь линию.,SoundWave'/Game/Audio/VO/EasternCoalition/CO_AiravataWalker/Selected_01.Selected_01',Normal,2.0,1.0,MissingSoundWave,2437
EasternCoalition,CO_AiravataWalker,V_CO_AiravataWalker_Move,Voice.Move,01,Шаг выше препятствий.,SoundWave'/Game/Audio/VO/EasternCoalition/CO_AiravataWalker/Move_01.Move_01',Normal,2.0,1.0,MissingSoundWave,2438
EasternCoalition,CO_AiravataWalker,V_CO_AiravataWalker_Attack,Voice.Attack,01,Рельсовый канал открыт.,SoundWave'/Game/Audio/VO/EasternCoalition/CO_AiravataWalker/Attack_01.Attack_01',Normal,2.0,1.0,MissingSoundWave,2439
EasternCoalition,CO_AiravataWalker,V_CO_AiravataWalker_Ability,Voice.Ability,01,Небесный прыжок.,SoundWave'/Game/Audio/VO/EasternCoalition/CO_AiravataWalker/Ability_01.Ability_01',Normal,2.0,1.0,MissingSoundWave,2440
EasternCoalition,CO_AiravataWalker,V_CO_AiravataWalker_Damaged,Voice.Damaged,01,Каркас шага повреждён!,SoundWave'/Game/Audio/VO/EasternCoalition/CO_AiravataWalker/Damaged_01.Damaged_01',Normal,2.0,1.0,MissingSoundWave,2441
EasternCoalition,CO_AiravataWalker,V_CO_AiravataWalker_Elite,Voice.Elite,01,Высота — ещё одно измерение строя.,SoundWave'/Game/Audio/VO/EasternCoalition/CO_AiravataWalker/Elite_01.Elite_01',Normal,2.0,1.0,MissingSoundWave,2442
EasternCoalition,CO_AiravataWalker,V_CO_AiravataWalker_Idle,Voice.Idle,01,Тяжёлая машина тоже может двигаться изящно.,SoundWave'/Game/Audio/VO/EasternCoalition/CO_AiravataWalker/Idle_01.Idle_01',Normal,2.0,1.0,MissingSoundWave,2443
EasternCoalition,CO_AiravataWalker,V_CO_AiravataWalker_Death,Voice.Death,01,Опоры… не держат…,SoundWave'/Game/Audio/VO/EasternCoalition/CO_AiravataWalker/Death_01.Death_01',Normal,2.0,1.0,MissingSoundWave,2444
EasternCoalition,CO_TianmenFortress,V_CO_TianmenFortress_Selected,Voice.Selected,01,Тяньмэнь вошёл в сеть.,SoundWave'/Game/Audio/VO/EasternCoalition/CO_TianmenFortress/Selected_01.Selected_01',Normal,2.0,1.0,MissingSoundWave,2477
EasternCoalition,CO_TianmenFortress,V_CO_TianmenFortress_Move,Voice.Move,01,Крепость меняет основание.,SoundWave'/Game/Audio/VO/EasternCoalition/CO_TianmenFortress/Move_01.Move_01',Normal,2.0,1.0,MissingSoundWave,2478
EasternCoalition,CO_TianmenFortress,V_CO_TianmenFortress_Attack,Voice.Attack,01,Открыть внешние батареи.,SoundWave'/Game/Audio/VO/EasternCoalition/CO_TianmenFortress/Attack_01.Attack_01',Normal,2.0,1.0,MissingSoundWave,2479
EasternCoalition,CO_TianmenFortress,V_CO_TianmenFortress_Ability,Voice.Ability,01,Командный режим установлен.,SoundWave'/Game/Audio/VO/EasternCoalition/CO_TianmenFortress/Ability_01.Ability_01',Normal,2.0,1.0,MissingSoundWave,2480
EasternCoalition,CO_TianmenFortress,V_CO_TianmenFortress_Damaged,Voice.Damaged,01,Внешний пояс разрушен!,SoundWave'/Game/Audio/VO/EasternCoalition/CO_TianmenFortress/Damaged_01.Damaged_01',Normal,2.0,1.0,MissingSoundWave,2481
EasternCoalition,CO_TianmenFortress,V_CO_TianmenFortress_Elite,Voice.Elite,01,Армия больше не нуждается в стенах.,SoundWave'/Game/Audio/VO/EasternCoalition/CO_TianmenFortress/Elite_01.Elite_01',Normal,2.0,1.0,MissingSoundWave,2482
EasternCoalition,CO_TianmenFortress,V_CO_TianmenFortress_Idle,Voice.Idle,01,Дворец не обязан быть неподвижным.,SoundWave'/Game/Audio/VO/EasternCoalition/CO_TianmenFortress/Idle_01.Idle_01',Normal,2.0,1.0,MissingSoundWave,2483
EasternCoalition,CO_TianmenFortress,V_CO_TianmenFortress_Death,Voice.Death,01,Центральный зал… рушится…,SoundWave'/Game/Audio/VO/EasternCoalition/CO_TianmenFortress/Death_01.Death_01',Normal,2.0,1.0,MissingSoundWave,2484
EasternCoalition,CO_KawasemiDrone,V_CO_KawasemiDrone_Selected,Voice.Selected,01,Кавасэми подключён.,SoundWave'/Game/Audio/VO/EasternCoalition/CO_KawasemiDrone/Selected_01.Selected_01',Normal,2.0,1.0,MissingSoundWave,2517
EasternCoalition,CO_KawasemiDrone,V_CO_KawasemiDrone_Move,Voice.Move,01,Маршрут свободен.,SoundWave'/Game/Audio/VO/EasternCoalition/CO_KawasemiDrone/Move_01.Move_01',Normal,2.0,1.0,MissingSoundWave,2518
EasternCoalition,CO_KawasemiDrone,V_CO_KawasemiDrone_Attack,Voice.Attack,01,Лёгкая цель подтверждена.,SoundWave'/Game/Audio/VO/EasternCoalition/CO_KawasemiDrone/Attack_01.Attack_01',Normal,2.0,1.0,MissingSoundWave,2519
EasternCoalition,CO_KawasemiDrone,V_CO_KawasemiDrone_Ability,Voice.Ability,01,Сетевой маяк активен.,SoundWave'/Game/Audio/VO/EasternCoalition/CO_KawasemiDrone/Ability_01.Ability_01',Normal,2.0,1.0,MissingSoundWave,2520
EasternCoalition,CO_KawasemiDrone,V_CO_KawasemiDrone_Damaged,Voice.Damaged,01,Корпус дрона нарушен!,SoundWave'/Game/Audio/VO/EasternCoalition/CO_KawasemiDrone/Damaged_01.Damaged_01',Normal,2.0,1.0,MissingSoundWave,2521
EasternCoalition,CO_KawasemiDrone,V_CO_KawasemiDrone_Elite,Voice.Elite,01,Я вижу сеть сверху.,SoundWave'/Game/Audio/VO/EasternCoalition/CO_KawasemiDrone/Elite_01.Elite_01',Normal,2.0,1.0,MissingSoundWave,2522
EasternCoalition,CO_KawasemiDrone,V_CO_KawasemiDrone_Idle,Voice.Idle,01,Малый размер — большая свобода.,SoundWave'/Game/Audio/VO/EasternCoalition/CO_KawasemiDrone/Idle_01.Idle_01',Normal,2.0,1.0,MissingSoundWave,2523
EasternCoalition,CO_KawasemiDrone,V_CO_KawasemiDrone_Death,Voice.Death,01,Сигнал… исчез…,SoundWave'/Game/Audio/VO/EasternCoalition/CO_KawasemiDrone/Death_01.Death_01',Normal,2.0,1.0,MissingSoundWave,2524
EasternCoalition,CO_LeiheGunship,V_CO_LeiheGunship_Selected,Voice.Selected,01,Лэйхэ готов.,SoundWave'/Game/Audio/VO/EasternCoalition/CO_LeiheGunship/Selected_01.Selected_01',Normal,2.0,1.0,MissingSoundWave,2557
EasternCoalition,CO_LeiheGunship,V_CO_LeiheGunship_Move,Voice.Move,01,Крыло следует за строем.,SoundWave'/Game/Audio/VO/EasternCoalition/CO_LeiheGunship/Move_01.Move_01',Normal,2.0,1.0,MissingSoundWave,2558
EasternCoalition,CO_LeiheGunship,V_CO_LeiheGunship_Attack,Voice.Attack,01,Пикирую на цель.,SoundWave'/Game/Audio/VO/EasternCoalition/CO_LeiheGunship/Attack_01.Attack_01',Normal,2.0,1.0,MissingSoundWave,2559
EasternCoalition,CO_LeiheGunship,V_CO_LeiheGunship_Ability,Voice.Ability,01,Защитное крыло раскрыто.,SoundWave'/Game/Audio/VO/EasternCoalition/CO_LeiheGunship/Ability_01.Ability_01',Normal,2.0,1.0,MissingSoundWave,2560
EasternCoalition,CO_LeiheGunship,V_CO_LeiheGunship_Damaged,Voice.Damaged,01,Плазменная тяга нестабильна!,SoundWave'/Game/Audio/VO/EasternCoalition/CO_LeiheGunship/Damaged_01.Damaged_01',Normal,2.0,1.0,MissingSoundWave,2561
EasternCoalition,CO_LeiheGunship,V_CO_LeiheGunship_Elite,Voice.Elite,01,"Гром приходит сверху, щит — вместе с ним.",SoundWave'/Game/Audio/VO/EasternCoalition/CO_LeiheGunship/Elite_01.Elite_01',Normal,2.0,1.0,MissingSoundWave,2562
EasternCoalition,CO_LeiheGunship,V_CO_LeiheGunship_Idle,Voice.Idle,01,Журавль спокоен до первого выстрела.,SoundWave'/Game/Audio/VO/EasternCoalition/CO_LeiheGunship/Idle_01.Idle_01',Normal,2.0,1.0,MissingSoundWave,2563
EasternCoalition,CO_LeiheGunship,V_CO_LeiheGunship_Death,Voice.Death,01,Крыло… сломано…,SoundWave'/Game/Audio/VO/EasternCoalition/CO_LeiheGunship/Death_01.Death_01',Normal,2.0,1.0,MissingSoundWave,2564
EasternCoalition,CO_AgnipakshaBomber,V_CO_AgnipakshaBomber_Selected,Voice.Selected,01,Агнипакша готова к циклу.,SoundWave'/Game/Audio/VO/EasternCoalition/CO_AgnipakshaBomber/Selected_01.Selected_01',Normal,2.0,1.0,MissingSoundWave,2597
EasternCoalition,CO_AgnipakshaBomber,V_CO_AgnipakshaBomber_Move,Voice.Move,01,Выхожу на высоту удара.,SoundWave'/Game/Audio/VO/EasternCoalition/CO_AgnipakshaBomber/Move_01.Move_01',Normal,2.0,1.0,MissingSoundWave,2598
EasternCoalition,CO_AgnipakshaBomber,V_CO_AgnipakshaBomber_Attack,Voice.Attack,01,Огонь будет виден издалека.,SoundWave'/Game/Audio/VO/EasternCoalition/CO_AgnipakshaBomber/Attack_01.Attack_01',Normal,2.0,1.0,MissingSoundWave,2599
EasternCoalition,CO_AgnipakshaBomber,V_CO_AgnipakshaBomber_Ability,Voice.Ability,01,Цикл возрождения активен.,SoundWave'/Game/Audio/VO/EasternCoalition/CO_AgnipakshaBomber/Ability_01.Ability_01',Normal,2.0,1.0,MissingSoundWave,2600
EasternCoalition,CO_AgnipakshaBomber,V_CO_AgnipakshaBomber_Damaged,Voice.Damaged,01,Пламя коснулось крыла!,SoundWave'/Game/Audio/VO/EasternCoalition/CO_AgnipakshaBomber/Damaged_01.Damaged_01',Normal,2.0,1.0,MissingSoundWave,2601
EasternCoalition,CO_AgnipakshaBomber,V_CO_AgnipakshaBomber_Elite,Voice.Elite,01,"Я возвращаюсь раньше, чем враг празднует.",SoundWave'/Game/Audio/VO/EasternCoalition/CO_AgnipakshaBomber/Elite_01.Elite_01',Normal,2.0,1.0,MissingSoundWave,2602
EasternCoalition,CO_AgnipakshaBomber,V_CO_AgnipakshaBomber_Idle,Voice.Idle,01,Пепел — тоже часть полёта.,SoundWave'/Game/Audio/VO/EasternCoalition/CO_AgnipakshaBomber/Idle_01.Idle_01',Normal,2.0,1.0,MissingSoundWave,2603
EasternCoalition,CO_AgnipakshaBomber,V_CO_AgnipakshaBomber_Death,Voice.Death,01,На этот раз… цикл завершён…,SoundWave'/Game/Audio/VO/EasternCoalition/CO_AgnipakshaBomber/Death_01.Death_01',Normal,2.0,1.0,MissingSoundWave,2604
EasternCoalition,CO_KazekiriCorvette,V_CO_KazekiriCorvette_Selected,Voice.Selected,01,Кадзэкири готов.,SoundWave'/Game/Audio/VO/EasternCoalition/CO_KazekiriCorvette/Selected_01.Selected_01',Normal,2.0,1.0,MissingSoundWave,2637
EasternCoalition,CO_KazekiriCorvette,V_CO_KazekiriCorvette_Move,Voice.Move,01,Режем течение.,SoundWave'/Game/Audio/VO/EasternCoalition/CO_KazekiriCorvette/Move_01.Move_01',Normal,2.0,1.0,MissingSoundWave,2638
EasternCoalition,CO_KazekiriCorvette,V_CO_KazekiriCorvette_Attack,Voice.Attack,01,Торпеды по курсу.,SoundWave'/Game/Audio/VO/EasternCoalition/CO_KazekiriCorvette/Attack_01.Attack_01',Normal,2.0,1.0,MissingSoundWave,2639
EasternCoalition,CO_KazekiriCorvette,V_CO_KazekiriCorvette_Ability,Voice.Ability,01,Режущий манёвр.,SoundWave'/Game/Audio/VO/EasternCoalition/CO_KazekiriCorvette/Ability_01.Ability_01',Normal,2.0,1.0,MissingSoundWave,2640
EasternCoalition,CO_KazekiriCorvette,V_CO_KazekiriCorvette_Damaged,Voice.Damaged,01,Киль повреждён!,SoundWave'/Game/Audio/VO/EasternCoalition/CO_KazekiriCorvette/Damaged_01.Damaged_01',Normal,2.0,1.0,MissingSoundWave,2641
EasternCoalition,CO_KazekiriCorvette,V_CO_KazekiriCorvette_Elite,Voice.Elite,01,Мы разрезаем море и строй врага.,SoundWave'/Game/Audio/VO/EasternCoalition/CO_KazekiriCorvette/Elite_01.Elite_01',Normal,2.0,1.0,MissingSoundWave,2642
EasternCoalition,CO_KazekiriCorvette,V_CO_KazekiriCorvette_Idle,Voice.Idle,01,Течение всегда выдаёт движение.,SoundWave'/Game/Audio/VO/EasternCoalition/CO_KazekiriCorvette/Idle_01.Idle_01',Normal,2.0,1.0,MissingSoundWave,2643
EasternCoalition,CO_KazekiriCorvette,V_CO_KazekiriCorvette_Death,Voice.Death,01,Корпус… уходит вниз…,SoundWave'/Game/Audio/VO/EasternCoalition/CO_KazekiriCorvette/Death_01.Death_01',Normal,2.0,1.0,MissingSoundWave,2644
EasternCoalition,CO_XuanwuCruiser,V_CO_XuanwuCruiser_Selected,Voice.Selected,01,Сюаньу стабилен.,SoundWave'/Game/Audio/VO/EasternCoalition/CO_XuanwuCruiser/Selected_01.Selected_01',Normal,2.0,1.0,MissingSoundWave,2677
EasternCoalition,CO_XuanwuCruiser,V_CO_XuanwuCruiser_Move,Voice.Move,01,Крейсер меняет линию огня.,SoundWave'/Game/Audio/VO/EasternCoalition/CO_XuanwuCruiser/Move_01.Move_01',Normal,2.0,1.0,MissingSoundWave,2678
EasternCoalition,CO_XuanwuCruiser,V_CO_XuanwuCruiser_Attack,Voice.Attack,01,Рельсовый импульс.,SoundWave'/Game/Audio/VO/EasternCoalition/CO_XuanwuCruiser/Attack_01.Attack_01',Normal,2.0,1.0,MissingSoundWave,2679
EasternCoalition,CO_XuanwuCruiser,V_CO_XuanwuCruiser_Ability,Voice.Ability,01,Стабилизированный пробой.,SoundWave'/Game/Audio/VO/EasternCoalition/CO_XuanwuCruiser/Ability_01.Ability_01',Normal,2.0,1.0,MissingSoundWave,2680
EasternCoalition,CO_XuanwuCruiser,V_CO_XuanwuCruiser_Damaged,Voice.Damaged,01,Секции корпуса разгерметизированы!,SoundWave'/Game/Audio/VO/EasternCoalition/CO_XuanwuCruiser/Damaged_01.Damaged_01',Normal,2.0,1.0,MissingSoundWave,2681
EasternCoalition,CO_XuanwuCruiser,V_CO_XuanwuCruiser_Elite,Voice.Elite,01,Море не скрывает цель от прямой линии.,SoundWave'/Game/Audio/VO/EasternCoalition/CO_XuanwuCruiser/Elite_01.Elite_01',Normal,2.0,1.0,MissingSoundWave,2682
EasternCoalition,CO_XuanwuCruiser,V_CO_XuanwuCruiser_Idle,Voice.Idle,01,Большая дальность требует большого терпения.,SoundWave'/Game/Audio/VO/EasternCoalition/CO_XuanwuCruiser/Idle_01.Idle_01',Normal,2.0,1.0,MissingSoundWave,2683
EasternCoalition,CO_XuanwuCruiser,V_CO_XuanwuCruiser_Death,Voice.Death,01,Стабилизация… потеряна…,SoundWave'/Game/Audio/VO/EasternCoalition/CO_XuanwuCruiser/Death_01.Death_01',Normal,2.0,1.0,MissingSoundWave,2684
EasternCoalition,CO_SamudraCarrier,V_CO_SamudraCarrier_Selected,Voice.Selected,01,Самудра скрыта под приливом.,SoundWave'/Game/Audio/VO/EasternCoalition/CO_SamudraCarrier/Selected_01.Selected_01',Normal,2.0,1.0,MissingSoundWave,2717
EasternCoalition,CO_SamudraCarrier,V_CO_SamudraCarrier_Move,Voice.Move,01,Глубина принимает нас.,SoundWave'/Game/Audio/VO/EasternCoalition/CO_SamudraCarrier/Move_01.Move_01',Normal,2.0,1.0,MissingSoundWave,2718
EasternCoalition,CO_SamudraCarrier,V_CO_SamudraCarrier_Attack,Voice.Attack,01,Выпустить рой.,SoundWave'/Game/Audio/VO/EasternCoalition/CO_SamudraCarrier/Attack_01.Attack_01',Normal,2.0,1.0,MissingSoundWave,2719
EasternCoalition,CO_SamudraCarrier,V_CO_SamudraCarrier_Ability,Voice.Ability,01,Погружённый запуск.,SoundWave'/Game/Audio/VO/EasternCoalition/CO_SamudraCarrier/Ability_01.Ability_01',Normal,2.0,1.0,MissingSoundWave,2720
EasternCoalition,CO_SamudraCarrier,V_CO_SamudraCarrier_Damaged,Voice.Damaged,01,Внутренний док затоплен!,SoundWave'/Game/Audio/VO/EasternCoalition/CO_SamudraCarrier/Damaged_01.Damaged_01',Normal,2.0,1.0,MissingSoundWave,2721
EasternCoalition,CO_SamudraCarrier,V_CO_SamudraCarrier_Elite,Voice.Elite,01,Мы приносим небо из глубины.,SoundWave'/Game/Audio/VO/EasternCoalition/CO_SamudraCarrier/Elite_01.Elite_01',Normal,2.0,1.0,MissingSoundWave,2722
EasternCoalition,CO_SamudraCarrier,V_CO_SamudraCarrier_Idle,Voice.Idle,01,"Самая сильная крепость — та, которую не нашли.",SoundWave'/Game/Audio/VO/EasternCoalition/CO_SamudraCarrier/Idle_01.Idle_01',Normal,2.0,1.0,MissingSoundWave,2723
EasternCoalition,CO_SamudraCarrier,V_CO_SamudraCarrier_Death,Voice.Death,01,Дворец… опускается…,SoundWave'/Game/Audio/VO/EasternCoalition/CO_SamudraCarrier/Death_01.Death_01',Normal,2.0,1.0,MissingSoundWave,2724
EasternCoalition,CO_Hero_Mei,V_CO_Hero_Mei_Selected,Voice.Selected,01,Командир Мэй Цзянь принимает сеть.,SoundWave'/Game/Audio/VO/EasternCoalition/CO_Hero_Mei/Selected_01.Selected_01',Normal,2.0,1.0,MissingSoundWave,2759
EasternCoalition,CO_Hero_Mei,V_CO_Hero_Mei_Move,Voice.Move,01,Я займу центр построения.,SoundWave'/Game/Audio/VO/EasternCoalition/CO_Hero_Mei/Move_01.Move_01',Normal,2.0,1.0,MissingSoundWave,2760
EasternCoalition,CO_Hero_Mei,V_CO_Hero_Mei_Attack,Voice.Attack,01,Все звенья — огонь по одной цели.,SoundWave'/Game/Audio/VO/EasternCoalition/CO_Hero_Mei/Attack_01.Attack_01',Normal,2.0,1.0,MissingSoundWave,2761
EasternCoalition,CO_Hero_Mei,V_CO_Hero_Mei_Ability,Voice.Ability,01,Совершенный строй. Дышим в одном ритме.,SoundWave'/Game/Audio/VO/EasternCoalition/CO_Hero_Mei/Ability_01.Ability_01',Normal,2.0,1.0,MissingSoundWave,2762
EasternCoalition,CO_Hero_Mei,V_CO_Hero_Mei_Damaged,Voice.Damaged,01,Связь держится. Продолжайте.,SoundWave'/Game/Audio/VO/EasternCoalition/CO_Hero_Mei/Damaged_01.Damaged_01',Normal,2.0,1.0,MissingSoundWave,2763
EasternCoalition,CO_Hero_Mei,V_CO_Hero_Mei_Elite,Voice.Elite,01,Армия стала единым движением.,SoundWave'/Game/Audio/VO/EasternCoalition/CO_Hero_Mei/Elite_01.Elite_01',Normal,2.0,1.0,MissingSoundWave,2764
EasternCoalition,CO_Hero_Mei,V_CO_Hero_Mei_Idle,Voice.Idle,01,Порядок не замедляет. Он исключает лишнее.,SoundWave'/Game/Audio/VO/EasternCoalition/CO_Hero_Mei/Idle_01.Idle_01',Normal,2.0,1.0,MissingSoundWave,2765
EasternCoalition,CO_Hero_Mei,V_CO_Hero_Mei_Death,Voice.Death,01,Сохраните… строй…,SoundWave'/Game/Audio/VO/EasternCoalition/CO_Hero_Mei/Death_01.Death_01',Normal,2.0,1.0,MissingSoundWave,2766
ChronoLegion,CH_ResonanceRifleman,V_CH_ResonanceRifleman_Selected,Voice.Selected,01,Резонанс отвечает.,SoundWave'/Game/Audio/VO/ChronoLegion/CH_ResonanceRifleman/Selected_01.Selected_01',Normal,2.0,1.0,MissingSoundWave,2860
ChronoLegion,CH_ResonanceRifleman,V_CH_ResonanceRifleman_Move,Voice.Move,01,Мы уже шли этим путём.,SoundWave'/Game/Audio/VO/ChronoLegion/CH_ResonanceRifleman/Move_01.Move_01',Normal,2.0,1.0,MissingSoundWave,2861
ChronoLegion,CH_ResonanceRifleman,V_CH_ResonanceRifleman_Attack,Voice.Attack,01,Первый выстрел. Затем повтор.,SoundWave'/Game/Audio/VO/ChronoLegion/CH_ResonanceRifleman/Attack_01.Attack_01',Normal,2.0,1.0,MissingSoundWave,2862
ChronoLegion,CH_ResonanceRifleman,V_CH_ResonanceRifleman_Ability,Voice.Ability,01,Эхо закреплено.,SoundWave'/Game/Audio/VO/ChronoLegion/CH_ResonanceRifleman/Ability_01.Ability_01',Normal,2.0,1.0,MissingSoundWave,2863
ChronoLegion,CH_ResonanceRifleman,V_CH_ResonanceRifleman_Damaged,Voice.Damaged,01,Этот урон уже знаком.,SoundWave'/Game/Audio/VO/ChronoLegion/CH_ResonanceRifleman/Damaged_01.Damaged_01',Normal,2.0,1.0,MissingSoundWave,2864
ChronoLegion,CH_ResonanceRifleman,V_CH_ResonanceRifleman_Elite,Voice.Elite,01,Я слышу выстрел до нажатия спуска.,SoundWave'/Game/Audio/VO/ChronoLegion/CH_ResonanceRifleman/Elite_01.Elite_01',Normal,2.0,1.0,MissingSoundWave,2865
ChronoLegion,CH_ResonanceRifleman,V_CH_ResonanceRifleman_Idle,Voice.Idle,01,Тишина тоже иногда повторяется.,SoundWave'/Game/Audio/VO/ChronoLegion/CH_ResonanceRifleman/Idle_01.Idle_01',Normal,2.0,1.0,MissingSoundWave,2866
ChronoLegion,CH_ResonanceRifleman,V_CH_ResonanceRifleman_Death,Voice.Death,01,Эхо… затихает…,SoundWave'/Game/Audio/VO/ChronoLegion/CH_ResonanceRifleman/Death_01.Death_01',Normal,2.0,1.0,MissingSoundWave,2867
ChronoLegion,CH_PunctureLancer,V_CH_PunctureLancer_Selected,Voice.Selected,01,Прокол находится между мгновениями.,SoundWave'/Game/Audio/VO/ChronoLegion/CH_PunctureLancer/Selected_01.Selected_01',Normal,2.0,1.0,MissingSoundWave,2900
ChronoLegion,CH_PunctureLancer,V_CH_PunctureLancer_Move,Voice.Move,01,Шагну через препятствие.,SoundWave'/Game/Audio/VO/ChronoLegion/CH_PunctureLancer/Move_01.Move_01',Normal,2.0,1.0,MissingSoundWave,2901
ChronoLegion,CH_PunctureLancer,V_CH_PunctureLancer_Attack,Voice.Attack,01,Пробиваю текущую версию брони.,SoundWave'/Game/Audio/VO/ChronoLegion/CH_PunctureLancer/Attack_01.Attack_01',Normal,2.0,1.0,MissingSoundWave,2902
ChronoLegion,CH_PunctureLancer,V_CH_PunctureLancer_Ability,Voice.Ability,01,Фазовый шаг.,SoundWave'/Game/Audio/VO/ChronoLegion/CH_PunctureLancer/Ability_01.Ability_01',Normal,2.0,1.0,MissingSoundWave,2903
ChronoLegion,CH_PunctureLancer,V_CH_PunctureLancer_Damaged,Voice.Damaged,01,Возврат был слишком ранним!,SoundWave'/Game/Audio/VO/ChronoLegion/CH_PunctureLancer/Damaged_01.Damaged_01',Normal,2.0,1.0,MissingSoundWave,2904
ChronoLegion,CH_PunctureLancer,V_CH_PunctureLancer_Elite,Voice.Elite,01,Я касаюсь цели раньше её защиты.,SoundWave'/Game/Audio/VO/ChronoLegion/CH_PunctureLancer/Elite_01.Elite_01',Normal,2.0,1.0,MissingSoundWave,2905
ChronoLegion,CH_PunctureLancer,V_CH_PunctureLancer_Idle,Voice.Idle,01,"Стоять — тоже движение, если время идёт.",SoundWave'/Game/Audio/VO/ChronoLegion/CH_PunctureLancer/Idle_01.Idle_01',Normal,2.0,1.0,MissingSoundWave,2906
ChronoLegion,CH_PunctureLancer,V_CH_PunctureLancer_Death,Voice.Death,01,Не успел… вернуться…,SoundWave'/Game/Audio/VO/ChronoLegion/CH_PunctureLancer/Death_01.Death_01',Normal,2.0,1.0,MissingSoundWave,2907
ChronoLegion,CH_CausalityEngineer,V_CH_CausalityEngineer_Selected,Voice.Selected,01,Редактор сверяет причинную метку.,SoundWave'/Game/Audio/VO/ChronoLegion/CH_CausalityEngineer/Selected_01.Selected_01',Normal,2.0,1.0,MissingSoundWave,2940
ChronoLegion,CH_CausalityEngineer,V_CH_CausalityEngineer_Move,Voice.Move,01,Иду к повреждённому событию.,SoundWave'/Game/Audio/VO/ChronoLegion/CH_CausalityEngineer/Move_01.Move_01',Normal,2.0,1.0,MissingSoundWave,2941
ChronoLegion,CH_CausalityEngineer,V_CH_CausalityEngineer_Attack,Voice.Attack,01,У меня нет оружия в этой линии.,SoundWave'/Game/Audio/VO/ChronoLegion/CH_CausalityEngineer/Attack_01.Attack_01',Normal,2.0,1.0,MissingSoundWave,2942
ChronoLegion,CH_CausalityEngineer,V_CH_CausalityEngineer_Ability,Voice.Ability,01,Возвращаю конструкцию назад.,SoundWave'/Game/Audio/VO/ChronoLegion/CH_CausalityEngineer/Ability_01.Ability_01',Normal,2.0,1.0,MissingSoundWave,2943
ChronoLegion,CH_CausalityEngineer,V_CH_CausalityEngineer_Damaged,Voice.Damaged,01,Моя метка сбилась!,SoundWave'/Game/Audio/VO/ChronoLegion/CH_CausalityEngineer/Damaged_01.Damaged_01',Normal,2.0,1.0,MissingSoundWave,2944
ChronoLegion,CH_CausalityEngineer,V_CH_CausalityEngineer_Elite,Voice.Elite,01,"Поломка — это прошлое, которое можно отменить.",SoundWave'/Game/Audio/VO/ChronoLegion/CH_CausalityEngineer/Elite_01.Elite_01',Normal,2.0,1.0,MissingSoundWave,2945
ChronoLegion,CH_CausalityEngineer,V_CH_CausalityEngineer_Idle,Voice.Idle,01,"Инструкция устаревает раньше, чем печатается.",SoundWave'/Game/Audio/VO/ChronoLegion/CH_CausalityEngineer/Idle_01.Idle_01',Normal,2.0,1.0,MissingSoundWave,2946
ChronoLegion,CH_CausalityEngineer,V_CH_CausalityEngineer_Death,Voice.Death,01,Метка… потеряна…,SoundWave'/Game/Audio/VO/ChronoLegion/CH_CausalityEngineer/Death_01.Death_01',Normal,2.0,1.0,MissingSoundWave,2947
ChronoLegion,CH_ReversalMedic,V_CH_ReversalMedic_Selected,Voice.Selected,01,Оператор RWD-3 «Реверс» готов сравнить состояния.,SoundWave'/Game/Audio/VO/ChronoLegion/CH_ReversalMedic/Selected_01.Selected_01',Normal,2.0,1.0,MissingSoundWave,2980
ChronoLegion,CH_ReversalMedic,V_CH_ReversalMedic_Move,Voice.Move,01,Иду к точке расхождения.,SoundWave'/Game/Audio/VO/ChronoLegion/CH_ReversalMedic/Move_01.Move_01',Normal,2.0,1.0,MissingSoundWave,2981
ChronoLegion,CH_ReversalMedic,V_CH_ReversalMedic_Attack,Voice.Attack,01,Боевая функция отсутствует.,SoundWave'/Game/Audio/VO/ChronoLegion/CH_ReversalMedic/Attack_01.Attack_01',Normal,2.0,1.0,MissingSoundWave,2982
ChronoLegion,CH_ReversalMedic,V_CH_ReversalMedic_Ability,Voice.Ability,01,Возвращаю пять секунд.,SoundWave'/Game/Audio/VO/ChronoLegion/CH_ReversalMedic/Ability_01.Ability_01',Normal,2.0,1.0,MissingSoundWave,2983
ChronoLegion,CH_ReversalMedic,V_CH_ReversalMedic_Damaged,Voice.Damaged,01,Слишком много повреждений сразу!,SoundWave'/Game/Audio/VO/ChronoLegion/CH_ReversalMedic/Damaged_01.Damaged_01',Normal,2.0,1.0,MissingSoundWave,2984
ChronoLegion,CH_ReversalMedic,V_CH_ReversalMedic_Elite,Voice.Elite,01,Я помню вас целыми. Этого достаточно.,SoundWave'/Game/Audio/VO/ChronoLegion/CH_ReversalMedic/Elite_01.Elite_01',Normal,2.0,1.0,MissingSoundWave,2985
ChronoLegion,CH_ReversalMedic,V_CH_ReversalMedic_Idle,Voice.Idle,01,Медицина лечит тело. Я лечу момент.,SoundWave'/Game/Audio/VO/ChronoLegion/CH_ReversalMedic/Idle_01.Idle_01',Normal,2.0,1.0,MissingSoundWave,2986
ChronoLegion,CH_ReversalMedic,V_CH_ReversalMedic_Death,Voice.Death,01,Состояние… не восстановлено…,SoundWave'/Game/Audio/VO/ChronoLegion/CH_ReversalMedic/Death_01.Death_01',Normal,2.0,1.0,MissingSoundWave,2987
ChronoLegion,CH_AporiaSniper,V_CH_AporiaSniper_Selected,Voice.Selected,01,Апория вычислена.,SoundWave'/Game/Audio/VO/ChronoLegion/CH_AporiaSniper/Selected_01.Selected_01',Normal,2.0,1.0,MissingSoundWave,3020
ChronoLegion,CH_AporiaSniper,V_CH_AporiaSniper_Move,Voice.Move,01,Займу позицию до её появления.,SoundWave'/Game/Audio/VO/ChronoLegion/CH_AporiaSniper/Move_01.Move_01',Normal,2.0,1.0,MissingSoundWave,3021
ChronoLegion,CH_AporiaSniper,V_CH_AporiaSniper_Attack,Voice.Attack,01,Выстрел сделан. Результат позже.,SoundWave'/Game/Audio/VO/ChronoLegion/CH_AporiaSniper/Attack_01.Attack_01',Normal,2.0,1.0,MissingSoundWave,3022
ChronoLegion,CH_AporiaSniper,V_CH_AporiaSniper_Ability,Voice.Ability,01,Смерть отложена.,SoundWave'/Game/Audio/VO/ChronoLegion/CH_AporiaSniper/Ability_01.Ability_01',Normal,2.0,1.0,MissingSoundWave,3023
ChronoLegion,CH_AporiaSniper,V_CH_AporiaSniper_Damaged,Voice.Damaged,01,Меня опередили.,SoundWave'/Game/Audio/VO/ChronoLegion/CH_AporiaSniper/Damaged_01.Damaged_01',Normal,2.0,1.0,MissingSoundWave,3024
ChronoLegion,CH_AporiaSniper,V_CH_AporiaSniper_Elite,Voice.Elite,01,Цель уже мертва. Она просто ещё не знает.,SoundWave'/Game/Audio/VO/ChronoLegion/CH_AporiaSniper/Elite_01.Elite_01',Normal,2.0,1.0,MissingSoundWave,3025
ChronoLegion,CH_AporiaSniper,V_CH_AporiaSniper_Idle,Voice.Idle,01,Ожидание — часть выстрела.,SoundWave'/Game/Audio/VO/ChronoLegion/CH_AporiaSniper/Idle_01.Idle_01',Normal,2.0,1.0,MissingSoundWave,3026
ChronoLegion,CH_AporiaSniper,V_CH_AporiaSniper_Death,Voice.Death,01,Такой исход… не предполагался…,SoundWave'/Game/Audio/VO/ChronoLegion/CH_AporiaSniper/Death_01.Death_01',Normal,2.0,1.0,MissingSoundWave,3027
ChronoLegion,CH_CensorOperative,V_CH_CensorOperative_Selected,Voice.Selected,01,Цензор активен.,SoundWave'/Game/Audio/VO/ChronoLegion/CH_CensorOperative/Selected_01.Selected_01',Normal,2.0,1.0,MissingSoundWave,3061
ChronoLegion,CH_CensorOperative,V_CH_CensorOperative_Move,Voice.Move,01,Удаляю своё присутствие.,SoundWave'/Game/Audio/VO/ChronoLegion/CH_CensorOperative/Move_01.Move_01',Normal,2.0,1.0,MissingSoundWave,3062
ChronoLegion,CH_CensorOperative,V_CH_CensorOperative_Attack,Voice.Attack,01,Цель исключается.,SoundWave'/Game/Audio/VO/ChronoLegion/CH_CensorOperative/Attack_01.Attack_01',Normal,2.0,1.0,MissingSoundWave,3063
ChronoLegion,CH_CensorOperative,V_CH_CensorOperative_Ability,Voice.Ability,01,Функции обнулены.,SoundWave'/Game/Audio/VO/ChronoLegion/CH_CensorOperative/Ability_01.Ability_01',Normal,2.0,1.0,MissingSoundWave,3064
ChronoLegion,CH_CensorOperative,V_CH_CensorOperative_Damaged,Voice.Damaged,01,Нулевая оболочка нарушена!,SoundWave'/Game/Audio/VO/ChronoLegion/CH_CensorOperative/Damaged_01.Damaged_01',Normal,2.0,1.0,MissingSoundWave,3065
ChronoLegion,CH_CensorOperative,V_CH_CensorOperative_Elite,Voice.Elite,01,Я не побеждаю врага. Я отменяю его возможность победить.,SoundWave'/Game/Audio/VO/ChronoLegion/CH_CensorOperative/Elite_01.Elite_01',Normal,2.0,1.0,MissingSoundWave,3066
ChronoLegion,CH_CensorOperative,V_CH_CensorOperative_Idle,Voice.Idle,01,Отсутствие — тоже форма контроля.,SoundWave'/Game/Audio/VO/ChronoLegion/CH_CensorOperative/Idle_01.Idle_01',Normal,2.0,1.0,MissingSoundWave,3067
ChronoLegion,CH_CensorOperative,V_CH_CensorOperative_Death,Voice.Death,01,Запись… восстановлена врагом…,SoundWave'/Game/Audio/VO/ChronoLegion/CH_CensorOperative/Death_01.Death_01',Normal,2.0,1.0,MissingSoundWave,3068
ChronoLegion,CH_ProbabilistHarvester,V_CH_ProbabilistHarvester_Selected,Voice.Selected,01,Маршрут Вероятника открыт.,SoundWave'/Game/Audio/VO/ChronoLegion/CH_ProbabilistHarvester/Selected_01.Selected_01',Normal,2.0,1.0,MissingSoundWave,3101
ChronoLegion,CH_ProbabilistHarvester,V_CH_ProbabilistHarvester_Move,Voice.Move,01,Вероятность доставки достаточна.,SoundWave'/Game/Audio/VO/ChronoLegion/CH_ProbabilistHarvester/Move_01.Move_01',Normal,2.0,1.0,MissingSoundWave,3102
ChronoLegion,CH_ProbabilistHarvester,V_CH_ProbabilistHarvester_Attack,Voice.Attack,01,Боевой исход не поддерживается.,SoundWave'/Game/Audio/VO/ChronoLegion/CH_ProbabilistHarvester/Attack_01.Attack_01',Normal,2.0,1.0,MissingSoundWave,3103
ChronoLegion,CH_ProbabilistHarvester,V_CH_ProbabilistHarvester_Ability,Voice.Ability,01,Возврат к переработчику.,SoundWave'/Game/Audio/VO/ChronoLegion/CH_ProbabilistHarvester/Ability_01.Ability_01',Normal,2.0,1.0,MissingSoundWave,3104
ChronoLegion,CH_ProbabilistHarvester,V_CH_ProbabilistHarvester_Damaged,Voice.Damaged,01,Вероятность потери растёт!,SoundWave'/Game/Audio/VO/ChronoLegion/CH_ProbabilistHarvester/Damaged_01.Damaged_01',Normal,2.0,1.0,MissingSoundWave,3105
ChronoLegion,CH_ProbabilistHarvester,V_CH_ProbabilistHarvester_Elite,Voice.Elite,01,"Я доставляю груз из тех линий, где меня не перехватили.",SoundWave'/Game/Audio/VO/ChronoLegion/CH_ProbabilistHarvester/Elite_01.Elite_01',Normal,2.0,1.0,MissingSoundWave,3106
ChronoLegion,CH_ProbabilistHarvester,V_CH_ProbabilistHarvester_Idle,Voice.Idle,01,Маршрут существует в нескольких вариантах.,SoundWave'/Game/Audio/VO/ChronoLegion/CH_ProbabilistHarvester/Idle_01.Idle_01',Normal,2.0,1.0,MissingSoundWave,3107
ChronoLegion,CH_ProbabilistHarvester,V_CH_ProbabilistHarvester_Death,Voice.Death,01,Эта вероятность… победила…,SoundWave'/Game/Audio/VO/ChronoLegion/CH_ProbabilistHarvester/Death_01.Death_01',Normal,2.0,1.0,MissingSoundWave,3108
ChronoLegion,CH_ParallaxScout,V_CH_ParallaxScout_Selected,Voice.Selected,01,Параллакс зафиксирован.,SoundWave'/Game/Audio/VO/ChronoLegion/CH_ParallaxScout/Selected_01.Selected_01',Normal,2.0,1.0,MissingSoundWave,3141
ChronoLegion,CH_ParallaxScout,V_CH_ParallaxScout_Move,Voice.Move,01,Следующая точка уже рядом.,SoundWave'/Game/Audio/VO/ChronoLegion/CH_ParallaxScout/Move_01.Move_01',Normal,2.0,1.0,MissingSoundWave,3142
ChronoLegion,CH_ParallaxScout,V_CH_ParallaxScout_Attack,Voice.Attack,01,Появляюсь на линии огня.,SoundWave'/Game/Audio/VO/ChronoLegion/CH_ParallaxScout/Attack_01.Attack_01',Normal,2.0,1.0,MissingSoundWave,3143
ChronoLegion,CH_ParallaxScout,V_CH_ParallaxScout_Ability,Voice.Ability,01,Скачок.,SoundWave'/Game/Audio/VO/ChronoLegion/CH_ParallaxScout/Ability_01.Ability_01',Normal,2.0,1.0,MissingSoundWave,3144
ChronoLegion,CH_ParallaxScout,V_CH_ParallaxScout_Damaged,Voice.Damaged,01,Координаты дрожат!,SoundWave'/Game/Audio/VO/ChronoLegion/CH_ParallaxScout/Damaged_01.Damaged_01',Normal,2.0,1.0,MissingSoundWave,3145
ChronoLegion,CH_ParallaxScout,V_CH_ParallaxScout_Elite,Voice.Elite,01,Расстояние — это просто плохая привычка.,SoundWave'/Game/Audio/VO/ChronoLegion/CH_ParallaxScout/Elite_01.Elite_01',Normal,2.0,1.0,MissingSoundWave,3146
ChronoLegion,CH_ParallaxScout,V_CH_ParallaxScout_Idle,Voice.Idle,01,Между здесь и там слишком много пустого времени.,SoundWave'/Game/Audio/VO/ChronoLegion/CH_ParallaxScout/Idle_01.Idle_01',Normal,2.0,1.0,MissingSoundWave,3147
ChronoLegion,CH_ParallaxScout,V_CH_ParallaxScout_Death,Voice.Death,01,Координата… закрыта…,SoundWave'/Game/Audio/VO/ChronoLegion/CH_ParallaxScout/Death_01.Death_01',Normal,2.0,1.0,MissingSoundWave,3148
ChronoLegion,CH_TimelineTank,V_CH_TimelineTank_Selected,Voice.Selected,01,Линия стабильна.,SoundWave'/Game/Audio/VO/ChronoLegion/CH_TimelineTank/Selected_01.Selected_01',Normal,2.0,1.0,MissingSoundWave,3181
ChronoLegion,CH_TimelineTank,V_CH_TimelineTank_Move,Voice.Move,01,Продолжаю линию движения.,SoundWave'/Game/Audio/VO/ChronoLegion/CH_TimelineTank/Move_01.Move_01',Normal,2.0,1.0,MissingSoundWave,3182
ChronoLegion,CH_TimelineTank,V_CH_TimelineTank_Attack,Voice.Attack,01,Событие поражения цели начато.,SoundWave'/Game/Audio/VO/ChronoLegion/CH_TimelineTank/Attack_01.Attack_01',Normal,2.0,1.0,MissingSoundWave,3183
ChronoLegion,CH_TimelineTank,V_CH_TimelineTank_Ability,Voice.Ability,01,Записываю повреждения.,SoundWave'/Game/Audio/VO/ChronoLegion/CH_TimelineTank/Ability_01.Ability_01',Normal,2.0,1.0,MissingSoundWave,3184
ChronoLegion,CH_TimelineTank,V_CH_TimelineTank_Damaged,Voice.Damaged,01,Панцирь запоминает удар!,SoundWave'/Game/Audio/VO/ChronoLegion/CH_TimelineTank/Damaged_01.Damaged_01',Normal,2.0,1.0,MissingSoundWave,3185
ChronoLegion,CH_TimelineTank,V_CH_TimelineTank_Elite,Voice.Elite,01,Мой урон всегда временный. Ваш — нет.,SoundWave'/Game/Audio/VO/ChronoLegion/CH_TimelineTank/Elite_01.Elite_01',Normal,2.0,1.0,MissingSoundWave,3186
ChronoLegion,CH_TimelineTank,V_CH_TimelineTank_Idle,Voice.Idle,01,Настоящее — самая тонкая броня.,SoundWave'/Game/Audio/VO/ChronoLegion/CH_TimelineTank/Idle_01.Idle_01',Normal,2.0,1.0,MissingSoundWave,3187
ChronoLegion,CH_TimelineTank,V_CH_TimelineTank_Death,Voice.Death,01,Запись… не восстановилась…,SoundWave'/Game/Audio/VO/ChronoLegion/CH_TimelineTank/Death_01.Death_01',Normal,2.0,1.0,MissingSoundWave,3188
ChronoLegion,CH_DeltaDelayArtillery,V_CH_DeltaDelayArtillery_Selected,Voice.Selected,01,Дельта настроена.,SoundWave'/Game/Audio/VO/ChronoLegion/CH_DeltaDelayArtillery/Selected_01.Selected_01',Normal,2.0,1.0,MissingSoundWave,3221
ChronoLegion,CH_DeltaDelayArtillery,V_CH_DeltaDelayArtillery_Move,Voice.Move,01,Сдвигаю точку будущего взрыва.,SoundWave'/Game/Audio/VO/ChronoLegion/CH_DeltaDelayArtillery/Move_01.Move_01',Normal,2.0,1.0,MissingSoundWave,3222
ChronoLegion,CH_DeltaDelayArtillery,V_CH_DeltaDelayArtillery_Attack,Voice.Attack,01,Снаряд прибыл. Взрыв позже.,SoundWave'/Game/Audio/VO/ChronoLegion/CH_DeltaDelayArtillery/Attack_01.Attack_01',Normal,2.0,1.0,MissingSoundWave,3223
ChronoLegion,CH_DeltaDelayArtillery,V_CH_DeltaDelayArtillery_Ability,Voice.Ability,01,Поле задержки создано.,SoundWave'/Game/Audio/VO/ChronoLegion/CH_DeltaDelayArtillery/Ability_01.Ability_01',Normal,2.0,1.0,MissingSoundWave,3224
ChronoLegion,CH_DeltaDelayArtillery,V_CH_DeltaDelayArtillery_Damaged,Voice.Damaged,01,Расчёт времени нарушен!,SoundWave'/Game/Audio/VO/ChronoLegion/CH_DeltaDelayArtillery/Damaged_01.Damaged_01',Normal,2.0,1.0,MissingSoundWave,3225
ChronoLegion,CH_DeltaDelayArtillery,V_CH_DeltaDelayArtillery_Elite,Voice.Elite,01,Враг успевает понять ошибку. Исправить — нет.,SoundWave'/Game/Audio/VO/ChronoLegion/CH_DeltaDelayArtillery/Elite_01.Elite_01',Normal,2.0,1.0,MissingSoundWave,3226
ChronoLegion,CH_DeltaDelayArtillery,V_CH_DeltaDelayArtillery_Idle,Voice.Idle,01,Спешка полезна только цели.,SoundWave'/Game/Audio/VO/ChronoLegion/CH_DeltaDelayArtillery/Idle_01.Idle_01',Normal,2.0,1.0,MissingSoundWave,3227
ChronoLegion,CH_DeltaDelayArtillery,V_CH_DeltaDelayArtillery_Death,Voice.Death,01,Таймер… остановлен…,SoundWave'/Game/Audio/VO/ChronoLegion/CH_DeltaDelayArtillery/Death_01.Death_01',Normal,2.0,1.0,MissingSoundWave,3228
ChronoLegion,CH_PauseProjector,V_CH_PauseProjector_Selected,Voice.Selected,01,Пауза готова остановить момент.,SoundWave'/Game/Audio/VO/ChronoLegion/CH_PauseProjector/Selected_01.Selected_01',Normal,2.0,1.0,MissingSoundWave,3261
ChronoLegion,CH_PauseProjector,V_CH_PauseProjector_Move,Voice.Move,01,Переношу зону покоя.,SoundWave'/Game/Audio/VO/ChronoLegion/CH_PauseProjector/Move_01.Move_01',Normal,2.0,1.0,MissingSoundWave,3262
ChronoLegion,CH_PauseProjector,V_CH_PauseProjector_Attack,Voice.Attack,01,Замедляю цель до нуля.,SoundWave'/Game/Audio/VO/ChronoLegion/CH_PauseProjector/Attack_01.Attack_01',Normal,2.0,1.0,MissingSoundWave,3263
ChronoLegion,CH_PauseProjector,V_CH_PauseProjector_Ability,Voice.Ability,01,Полный стазис.,SoundWave'/Game/Audio/VO/ChronoLegion/CH_PauseProjector/Ability_01.Ability_01',Normal,2.0,1.0,MissingSoundWave,3264
ChronoLegion,CH_PauseProjector,V_CH_PauseProjector_Damaged,Voice.Damaged,01,Камера стазиса треснула!,SoundWave'/Game/Audio/VO/ChronoLegion/CH_PauseProjector/Damaged_01.Damaged_01',Normal,2.0,1.0,MissingSoundWave,3265
ChronoLegion,CH_PauseProjector,V_CH_PauseProjector_Elite,Voice.Elite,01,Время врага заканчивается по моей команде.,SoundWave'/Game/Audio/VO/ChronoLegion/CH_PauseProjector/Elite_01.Elite_01',Normal,2.0,1.0,MissingSoundWave,3266
ChronoLegion,CH_PauseProjector,V_CH_PauseProjector_Idle,Voice.Idle,01,Неподвижность бывает абсолютной.,SoundWave'/Game/Audio/VO/ChronoLegion/CH_PauseProjector/Idle_01.Idle_01',Normal,2.0,1.0,MissingSoundWave,3267
ChronoLegion,CH_PauseProjector,V_CH_PauseProjector_Death,Voice.Death,01,Момент… продолжился…,SoundWave'/Game/Audio/VO/ChronoLegion/CH_PauseProjector/Death_01.Death_01',Normal,2.0,1.0,MissingSoundWave,3268
ChronoLegion,CH_EraEngine,V_CH_EraEngine_Selected,Voice.Selected,01,Тяжёлый танк EPC-0 «Эра» вошёл в настоящее.,SoundWave'/Game/Audio/VO/ChronoLegion/CH_EraEngine/Selected_01.Selected_01',Normal,2.0,1.0,MissingSoundWave,3301
ChronoLegion,CH_EraEngine,V_CH_EraEngine_Move,Voice.Move,01,Перемещаю эпоху вперёд.,SoundWave'/Game/Audio/VO/ChronoLegion/CH_EraEngine/Move_01.Move_01',Normal,2.0,1.0,MissingSoundWave,3302
ChronoLegion,CH_EraEngine,V_CH_EraEngine_Attack,Voice.Attack,01,Два исхода сходятся на цели.,SoundWave'/Game/Audio/VO/ChronoLegion/CH_EraEngine/Attack_01.Attack_01',Normal,2.0,1.0,MissingSoundWave,3303
ChronoLegion,CH_EraEngine,V_CH_EraEngine_Ability,Voice.Ability,01,Создаю послеобраз.,SoundWave'/Game/Audio/VO/ChronoLegion/CH_EraEngine/Ability_01.Ability_01',Normal,2.0,1.0,MissingSoundWave,3304
ChronoLegion,CH_EraEngine,V_CH_EraEngine_Damaged,Voice.Damaged,01,Причинный корпус повреждён!,SoundWave'/Game/Audio/VO/ChronoLegion/CH_EraEngine/Damaged_01.Damaged_01',Normal,2.0,1.0,MissingSoundWave,3305
ChronoLegion,CH_EraEngine,V_CH_EraEngine_Elite,Voice.Elite,01,Одного меня достаточно. Двух — слишком много.,SoundWave'/Game/Audio/VO/ChronoLegion/CH_EraEngine/Elite_01.Elite_01',Normal,2.0,1.0,MissingSoundWave,3306
ChronoLegion,CH_EraEngine,V_CH_EraEngine_Idle,Voice.Idle,01,История любит повторения. Я — тоже.,SoundWave'/Game/Audio/VO/ChronoLegion/CH_EraEngine/Idle_01.Idle_01',Normal,2.0,1.0,MissingSoundWave,3307
ChronoLegion,CH_EraEngine,V_CH_EraEngine_Death,Voice.Death,01,Эпоха… завершена…,SoundWave'/Game/Audio/VO/ChronoLegion/CH_EraEngine/Death_01.Death_01',Normal,2.0,1.0,MissingSoundWave,3308
ChronoLegion,CH_GapInterceptor,V_CH_GapInterceptor_Selected,Voice.Selected,01,Разрыв удерживает канал.,SoundWave'/Game/Audio/VO/ChronoLegion/CH_GapInterceptor/Selected_01.Selected_01',Normal,2.0,1.0,MissingSoundWave,3341
ChronoLegion,CH_GapInterceptor,V_CH_GapInterceptor_Move,Voice.Move,01,Курс можно сократить.,SoundWave'/Game/Audio/VO/ChronoLegion/CH_GapInterceptor/Move_01.Move_01',Normal,2.0,1.0,MissingSoundWave,3342
ChronoLegion,CH_GapInterceptor,V_CH_GapInterceptor_Attack,Voice.Attack,01,Выхожу за хвост цели.,SoundWave'/Game/Audio/VO/ChronoLegion/CH_GapInterceptor/Attack_01.Attack_01',Normal,2.0,1.0,MissingSoundWave,3343
ChronoLegion,CH_GapInterceptor,V_CH_GapInterceptor_Ability,Voice.Ability,01,Разрыв курса.,SoundWave'/Game/Audio/VO/ChronoLegion/CH_GapInterceptor/Ability_01.Ability_01',Normal,2.0,1.0,MissingSoundWave,3344
ChronoLegion,CH_GapInterceptor,V_CH_GapInterceptor_Damaged,Voice.Damaged,01,Разлом нестабилен!,SoundWave'/Game/Audio/VO/ChronoLegion/CH_GapInterceptor/Damaged_01.Damaged_01',Normal,2.0,1.0,MissingSoundWave,3345
ChronoLegion,CH_GapInterceptor,V_CH_GapInterceptor_Elite,Voice.Elite,01,Воздушный бой заканчивается до первого виража.,SoundWave'/Game/Audio/VO/ChronoLegion/CH_GapInterceptor/Elite_01.Elite_01',Normal,2.0,1.0,MissingSoundWave,3346
ChronoLegion,CH_GapInterceptor,V_CH_GapInterceptor_Idle,Voice.Idle,01,Крылья нужны только для приличия.,SoundWave'/Game/Audio/VO/ChronoLegion/CH_GapInterceptor/Idle_01.Idle_01',Normal,2.0,1.0,MissingSoundWave,3347
ChronoLegion,CH_GapInterceptor,V_CH_GapInterceptor_Death,Voice.Death,01,Разлом… закрылся…,SoundWave'/Game/Audio/VO/ChronoLegion/CH_GapInterceptor/Death_01.Death_01',Normal,2.0,1.0,MissingSoundWave,3348
ChronoLegion,CH_TrailGunship,V_CH_TrailGunship_Selected,Voice.Selected,01,Шлейф синхронизирован.,SoundWave'/Game/Audio/VO/ChronoLegion/CH_TrailGunship/Selected_01.Selected_01',Normal,2.0,1.0,MissingSoundWave,3381
ChronoLegion,CH_TrailGunship,V_CH_TrailGunship_Move,Voice.Move,01,Копии держат строй.,SoundWave'/Game/Audio/VO/ChronoLegion/CH_TrailGunship/Move_01.Move_01',Normal,2.0,1.0,MissingSoundWave,3382
ChronoLegion,CH_TrailGunship,V_CH_TrailGunship_Attack,Voice.Attack,01,Настоящий залп среди ложных.,SoundWave'/Game/Audio/VO/ChronoLegion/CH_TrailGunship/Attack_01.Attack_01',Normal,2.0,1.0,MissingSoundWave,3383
ChronoLegion,CH_TrailGunship,V_CH_TrailGunship_Ability,Voice.Ability,01,Ложный рой создан.,SoundWave'/Game/Audio/VO/ChronoLegion/CH_TrailGunship/Ability_01.Ability_01',Normal,2.0,1.0,MissingSoundWave,3384
ChronoLegion,CH_TrailGunship,V_CH_TrailGunship_Damaged,Voice.Damaged,01,Попали в оригинал!,SoundWave'/Game/Audio/VO/ChronoLegion/CH_TrailGunship/Damaged_01.Damaged_01',Normal,2.0,1.0,MissingSoundWave,3385
ChronoLegion,CH_TrailGunship,V_CH_TrailGunship_Elite,Voice.Elite,01,Пусть выберут правильную цель. Времени нет.,SoundWave'/Game/Audio/VO/ChronoLegion/CH_TrailGunship/Elite_01.Elite_01',Normal,2.0,1.0,MissingSoundWave,3386
ChronoLegion,CH_TrailGunship,V_CH_TrailGunship_Idle,Voice.Idle,01,"Иногда я сам не уверен, который из нас настоящий.",SoundWave'/Game/Audio/VO/ChronoLegion/CH_TrailGunship/Idle_01.Idle_01',Normal,2.0,1.0,MissingSoundWave,3387
ChronoLegion,CH_TrailGunship,V_CH_TrailGunship_Death,Voice.Death,01,Оригинал… потерян…,SoundWave'/Game/Audio/VO/ChronoLegion/CH_TrailGunship/Death_01.Death_01',Normal,2.0,1.0,MissingSoundWave,3388
ChronoLegion,CH_CriticalPointBomber,V_CH_CriticalPointBomber_Selected,Voice.Selected,01,Критическая точка сформирована.,SoundWave'/Game/Audio/VO/ChronoLegion/CH_CriticalPointBomber/Selected_01.Selected_01',Normal,2.0,1.0,MissingSoundWave,3421
ChronoLegion,CH_CriticalPointBomber,V_CH_CriticalPointBomber_Move,Voice.Move,01,Подхожу к точке необратимости.,SoundWave'/Game/Audio/VO/ChronoLegion/CH_CriticalPointBomber/Move_01.Move_01',Normal,2.0,1.0,MissingSoundWave,3422
ChronoLegion,CH_CriticalPointBomber,V_CH_CriticalPointBomber_Attack,Voice.Attack,01,Сбрасываю сингулярный заряд.,SoundWave'/Game/Audio/VO/ChronoLegion/CH_CriticalPointBomber/Attack_01.Attack_01',Normal,2.0,1.0,MissingSoundWave,3423
ChronoLegion,CH_CriticalPointBomber,V_CH_CriticalPointBomber_Ability,Voice.Ability,01,Обратная волна активна.,SoundWave'/Game/Audio/VO/ChronoLegion/CH_CriticalPointBomber/Ability_01.Ability_01',Normal,2.0,1.0,MissingSoundWave,3424
ChronoLegion,CH_CriticalPointBomber,V_CH_CriticalPointBomber_Damaged,Voice.Damaged,01,Контейнер сингулярности повреждён!,SoundWave'/Game/Audio/VO/ChronoLegion/CH_CriticalPointBomber/Damaged_01.Damaged_01',Normal,2.0,1.0,MissingSoundWave,3425
ChronoLegion,CH_CriticalPointBomber,V_CH_CriticalPointBomber_Elite,Voice.Elite,01,После моего удара пути назад нет буквально.,SoundWave'/Game/Audio/VO/ChronoLegion/CH_CriticalPointBomber/Elite_01.Elite_01',Normal,2.0,1.0,MissingSoundWave,3426
ChronoLegion,CH_CriticalPointBomber,V_CH_CriticalPointBomber_Idle,Voice.Idle,01,Не смотрите в центр слишком долго.,SoundWave'/Game/Audio/VO/ChronoLegion/CH_CriticalPointBomber/Idle_01.Idle_01',Normal,2.0,1.0,MissingSoundWave,3427
ChronoLegion,CH_CriticalPointBomber,V_CH_CriticalPointBomber_Death,Voice.Death,01,Горизонт… поглотил носитель…,SoundWave'/Game/Audio/VO/ChronoLegion/CH_CriticalPointBomber/Death_01.Death_01',Normal,2.0,1.0,MissingSoundWave,3428
ChronoLegion,CH_IsobathFrigate,V_CH_IsobathFrigate_Selected,Voice.Selected,01,Изобата активна.,SoundWave'/Game/Audio/VO/ChronoLegion/CH_IsobathFrigate/Selected_01.Selected_01',Normal,2.0,1.0,MissingSoundWave,3461
ChronoLegion,CH_IsobathFrigate,V_CH_IsobathFrigate_Move,Voice.Move,01,Сдвигаю линию воды.,SoundWave'/Game/Audio/VO/ChronoLegion/CH_IsobathFrigate/Move_01.Move_01',Normal,2.0,1.0,MissingSoundWave,3462
ChronoLegion,CH_IsobathFrigate,V_CH_IsobathFrigate_Attack,Voice.Attack,01,Торпеды входят в настоящее.,SoundWave'/Game/Audio/VO/ChronoLegion/CH_IsobathFrigate/Attack_01.Attack_01',Normal,2.0,1.0,MissingSoundWave,3463
ChronoLegion,CH_IsobathFrigate,V_CH_IsobathFrigate_Ability,Voice.Ability,01,Прилив отмечен.,SoundWave'/Game/Audio/VO/ChronoLegion/CH_IsobathFrigate/Ability_01.Ability_01',Normal,2.0,1.0,MissingSoundWave,3464
ChronoLegion,CH_IsobathFrigate,V_CH_IsobathFrigate_Damaged,Voice.Damaged,01,Временная ватерлиния нарушена!,SoundWave'/Game/Audio/VO/ChronoLegion/CH_IsobathFrigate/Damaged_01.Damaged_01',Normal,2.0,1.0,MissingSoundWave,3465
ChronoLegion,CH_IsobathFrigate,V_CH_IsobathFrigate_Elite,Voice.Elite,01,Море запоминает наши маршруты.,SoundWave'/Game/Audio/VO/ChronoLegion/CH_IsobathFrigate/Elite_01.Elite_01',Normal,2.0,1.0,MissingSoundWave,3466
ChronoLegion,CH_IsobathFrigate,V_CH_IsobathFrigate_Idle,Voice.Idle,01,Прилив всегда возвращается.,SoundWave'/Game/Audio/VO/ChronoLegion/CH_IsobathFrigate/Idle_01.Idle_01',Normal,2.0,1.0,MissingSoundWave,3467
ChronoLegion,CH_IsobathFrigate,V_CH_IsobathFrigate_Death,Voice.Death,01,Отметка… смыта…,SoundWave'/Game/Audio/VO/ChronoLegion/CH_IsobathFrigate/Death_01.Death_01',Normal,2.0,1.0,MissingSoundWave,3468
ChronoLegion,CH_BathysSubmarine,V_CH_BathysSubmarine_Selected,Voice.Selected,01,Батис движется под линией.,SoundWave'/Game/Audio/VO/ChronoLegion/CH_BathysSubmarine/Selected_01.Selected_01',Normal,2.0,1.0,MissingSoundWave,3501
ChronoLegion,CH_BathysSubmarine,V_CH_BathysSubmarine_Move,Voice.Move,01,Глубина сократит путь.,SoundWave'/Game/Audio/VO/ChronoLegion/CH_BathysSubmarine/Move_01.Move_01',Normal,2.0,1.0,MissingSoundWave,3502
ChronoLegion,CH_BathysSubmarine,V_CH_BathysSubmarine_Attack,Voice.Attack,01,Торпеды опережают волну.,SoundWave'/Game/Audio/VO/ChronoLegion/CH_BathysSubmarine/Attack_01.Attack_01',Normal,2.0,1.0,MissingSoundWave,3503
ChronoLegion,CH_BathysSubmarine,V_CH_BathysSubmarine_Ability,Voice.Ability,01,Глубинный скачок.,SoundWave'/Game/Audio/VO/ChronoLegion/CH_BathysSubmarine/Ability_01.Ability_01',Normal,2.0,1.0,MissingSoundWave,3504
ChronoLegion,CH_BathysSubmarine,V_CH_BathysSubmarine_Damaged,Voice.Damaged,01,Корпус искажён!,SoundWave'/Game/Audio/VO/ChronoLegion/CH_BathysSubmarine/Damaged_01.Damaged_01',Normal,2.0,1.0,MissingSoundWave,3505
ChronoLegion,CH_BathysSubmarine,V_CH_BathysSubmarine_Elite,Voice.Elite,01,Нас нельзя окружить в пространстве.,SoundWave'/Game/Audio/VO/ChronoLegion/CH_BathysSubmarine/Elite_01.Elite_01',Normal,2.0,1.0,MissingSoundWave,3506
ChronoLegion,CH_BathysSubmarine,V_CH_BathysSubmarine_Idle,Voice.Idle,01,В глубине время идёт иначе.,SoundWave'/Game/Audio/VO/ChronoLegion/CH_BathysSubmarine/Idle_01.Idle_01',Normal,2.0,1.0,MissingSoundWave,3507
ChronoLegion,CH_BathysSubmarine,V_CH_BathysSubmarine_Death,Voice.Death,01,Батис… теряет глубину…,SoundWave'/Game/Audio/VO/ChronoLegion/CH_BathysSubmarine/Death_01.Death_01',Normal,2.0,1.0,MissingSoundWave,3508
ChronoLegion,CH_AttractorArk,V_CH_AttractorArk_Selected,Voice.Selected,01,Аттрактор удерживает сингулярность.,SoundWave'/Game/Audio/VO/ChronoLegion/CH_AttractorArk/Selected_01.Selected_01',Normal,2.0,1.0,MissingSoundWave,3541
ChronoLegion,CH_AttractorArk,V_CH_AttractorArk_Move,Voice.Move,01,Переношу центр притяжения.,SoundWave'/Game/Audio/VO/ChronoLegion/CH_AttractorArk/Move_01.Move_01',Normal,2.0,1.0,MissingSoundWave,3542
ChronoLegion,CH_AttractorArk,V_CH_AttractorArk_Attack,Voice.Attack,01,Открыть артиллерийский коллапс.,SoundWave'/Game/Audio/VO/ChronoLegion/CH_AttractorArk/Attack_01.Attack_01',Normal,2.0,1.0,MissingSoundWave,3543
ChronoLegion,CH_AttractorArk,V_CH_AttractorArk_Ability,Voice.Ability,01,Морской портал сформирован.,SoundWave'/Game/Audio/VO/ChronoLegion/CH_AttractorArk/Ability_01.Ability_01',Normal,2.0,1.0,MissingSoundWave,3544
ChronoLegion,CH_AttractorArk,V_CH_AttractorArk_Damaged,Voice.Damaged,01,Сингулярность выходит из центра!,SoundWave'/Game/Audio/VO/ChronoLegion/CH_AttractorArk/Damaged_01.Damaged_01',Normal,2.0,1.0,MissingSoundWave,3545
ChronoLegion,CH_AttractorArk,V_CH_AttractorArk_Elite,Voice.Elite,01,Флот больше не ограничен морем между точками.,SoundWave'/Game/Audio/VO/ChronoLegion/CH_AttractorArk/Elite_01.Elite_01',Normal,2.0,1.0,MissingSoundWave,3546
ChronoLegion,CH_AttractorArk,V_CH_AttractorArk_Idle,Voice.Idle,01,Ковчег хранит не людей. Он хранит варианты.,SoundWave'/Game/Audio/VO/ChronoLegion/CH_AttractorArk/Idle_01.Idle_01',Normal,2.0,1.0,MissingSoundWave,3547
ChronoLegion,CH_AttractorArk,V_CH_AttractorArk_Death,Voice.Death,01,Сингулярность… теряет оболочку…,SoundWave'/Game/Audio/VO/ChronoLegion/CH_AttractorArk/Death_01.Death_01',Normal,2.0,1.0,MissingSoundWave,3548
ChronoLegion,CH_Hero_Voss,V_CH_Hero_Voss_Selected,Voice.Selected,01,"Архивист Восс. Я помню исходы, которых ещё нет.",SoundWave'/Game/Audio/VO/ChronoLegion/CH_Hero_Voss/Selected_01.Selected_01',Normal,2.0,1.0,MissingSoundWave,3583
ChronoLegion,CH_Hero_Voss,V_CH_Hero_Voss_Move,Voice.Move,01,Эта точка присутствует во всех полезных вариантах.,SoundWave'/Game/Audio/VO/ChronoLegion/CH_Hero_Voss/Move_01.Move_01',Normal,2.0,1.0,MissingSoundWave,3584
ChronoLegion,CH_Hero_Voss,V_CH_Hero_Voss_Attack,Voice.Attack,01,Удаляю нежелательное продолжение.,SoundWave'/Game/Audio/VO/ChronoLegion/CH_Hero_Voss/Attack_01.Attack_01',Normal,2.0,1.0,MissingSoundWave,3585
ChronoLegion,CH_Hero_Voss,V_CH_Hero_Voss_Ability,Voice.Ability,01,Состояние записано. Возврат разрешён.,SoundWave'/Game/Audio/VO/ChronoLegion/CH_Hero_Voss/Ability_01.Ability_01',Normal,2.0,1.0,MissingSoundWave,3586
ChronoLegion,CH_Hero_Voss,V_CH_Hero_Voss_Damaged,Voice.Damaged,01,Архив получает несовместимые данные.,SoundWave'/Game/Audio/VO/ChronoLegion/CH_Hero_Voss/Damaged_01.Damaged_01',Normal,2.0,1.0,MissingSoundWave,3587
ChronoLegion,CH_Hero_Voss,V_CH_Hero_Voss_Elite,Voice.Elite,01,Будущее больше не удивляет меня.,SoundWave'/Game/Audio/VO/ChronoLegion/CH_Hero_Voss/Elite_01.Elite_01',Normal,2.0,1.0,MissingSoundWave,3588
ChronoLegion,CH_Hero_Voss,V_CH_Hero_Voss_Idle,Voice.Idle,01,История — плохой архив. Слишком многое теряет.,SoundWave'/Game/Audio/VO/ChronoLegion/CH_Hero_Voss/Idle_01.Idle_01',Normal,2.0,1.0,MissingSoundWave,3589
ChronoLegion,CH_Hero_Voss,V_CH_Hero_Voss_Death,Voice.Death,01,Запись… не сохранилась…,SoundWave'/Game/Audio/VO/ChronoLegion/CH_Hero_Voss/Death_01.Death_01',Normal,2.0,1.0,MissingSoundWave,3590
